observations,arm,iteration,objective
50,split,0,2.231290139300115
50,split,1,-7.655960389099835
50,split,2,-49.03941088401239
50,split,3,-49.789532249912895
50,split,4,-99.85104151390581
50,split,5,-125.09926193304476
50,split,6,-135.01207885671388
50,split,7,-138.22033391388626
50,split,8,-138.38485676273814
50,split,9,-138.6588099470537
50,split,10,-138.79027155627628
50,split,11,-138.7984773756274
50,split,12,-138.91518393565136
50,split,13,-138.94413767901005
50,split,14,-139.09153938791508
50,split,15,-139.20519120261946
50,split,16,-139.28740681620107
50,split,17,-139.41216397469785
50,split,18,-139.49442770599092
50,split,19,-139.57258687855895
50,split,20,-139.59596793426675
50,split,21,-139.70735615529424
50,split,22,-139.71078727424577
50,split,23,-139.72342962607271
50,split,24,-139.7303953681056
50,split,25,-139.7632465743649
50,split,26,-139.7688300647987
50,split,27,-139.77454580858708
50,split,28,-139.78430476798476
50,split,29,-139.8238235836559
50,split,30,-139.8304596800883
50,split,31,-139.9124557429072
50,split,32,-139.91450328061632
50,split,33,-139.91710472460005
50,split,34,-139.93201867234595
50,split,35,-139.93560971954474
50,split,36,-139.94700144930698
50,split,37,-139.95033299910853
50,split,38,-139.95102956859682
50,split,39,-139.95113305866798
50,split,40,-139.95118018737736
50,split,41,-139.95118477072154
50,split,42,-139.95118506416557
50,split,43,-139.95118506535113
50,split,44,-139.95118506535132
50,natural,0,2.231290139300115
50,natural,1,-7.6559609940356
50,natural,2,-39.04365379289009
50,natural,3,-95.32950536019712
50,natural,4,-95.9504946973642
50,natural,5,-126.02986248348125
50,natural,6,-126.95945224575875
50,natural,7,-134.7821962361899
50,natural,8,-135.39574152218563
50,natural,9,-137.65657540286642
50,natural,10,-137.69319306055746
50,natural,11,-137.7860563072472
50,natural,12,-137.88034611971207
50,natural,13,-137.96518145195773
50,natural,14,-137.99670154867837
50,natural,15,-138.06878340516664
50,natural,16,-138.1161746354372
50,natural,17,-138.19527967342884
50,natural,18,-138.2161094806952
50,natural,19,-138.26072673316875
50,natural,20,-138.2723342428845
50,natural,21,-138.30243076217192
50,natural,22,-138.38024545122852
50,natural,23,-138.39791467971938
50,natural,24,-138.431363044701
50,natural,25,-138.45786407047956
50,natural,26,-138.45934552965642
50,natural,27,-138.46165550985953
50,natural,28,-138.4802285401514
50,natural,29,-138.48337240856412
50,natural,30,-138.4875086537308
50,natural,31,-138.48812128465042
50,natural,32,-138.48968920383706
50,natural,33,-138.49107338166198
50,natural,34,-138.49285078690454
50,natural,35,-138.4934928556652
50,natural,36,-138.49499592771767
50,natural,37,-138.49643345468465
50,natural,38,-138.49687362374573
50,natural,39,-138.4988051654686
50,natural,40,-138.4994394235437
50,natural,41,-138.50056301735538
50,natural,42,-138.50097487439487
50,natural,43,-138.50149713545414
50,natural,44,-138.50166225160206
50,natural,45,-138.50193624072367
50,natural,46,-138.5020171283606
50,natural,47,-138.50218656252397
50,natural,48,-138.50219542169935
50,natural,49,-138.50229439349886
50,natural,50,-138.50236007156232
50,natural,51,-138.5023968547655
50,natural,52,-138.5024071709806
50,natural,53,-138.50245302391116
50,natural,54,-138.50253016106996
50,natural,55,-138.50255997347568
50,natural,56,-138.50259979791986
50,natural,57,-138.50262363149702
50,natural,58,-138.50264310149115
50,natural,59,-138.50267619690243
50,natural,60,-138.50268270590462
50,natural,61,-138.502735518267
50,natural,62,-138.50277079478832
50,natural,63,-138.50278535199433
50,natural,64,-138.5027987410894
50,natural,65,-138.5028109338651
50,natural,66,-138.50281415068466
50,natural,67,-138.5028198694835
50,natural,68,-138.50282277293553
50,natural,69,-138.5028259409004
50,natural,70,-138.50282916861812
50,natural,71,-138.50283373147644
50,natural,72,-138.50283829502268
50,natural,73,-138.50287678530376
50,natural,74,-138.5028823710209
50,natural,75,-138.50293668857591
50,natural,76,-138.50301916268413
50,natural,77,-138.50309080012565
50,natural,78,-138.50315047505606
50,natural,79,-138.50316078452911
50,natural,80,-138.50319868116497
50,natural,81,-138.50320177771533
50,natural,82,-138.5032248280305
50,natural,83,-138.50328210420815
50,natural,84,-138.50333333116444
50,natural,85,-138.50340627724773
50,natural,86,-138.5035266830764
50,natural,87,-138.50358784351138
50,natural,88,-138.50366305514265
50,natural,89,-138.50372367387243
50,natural,90,-138.5038362650773
50,natural,91,-138.5039763347825
50,natural,92,-138.50401344790419
50,natural,93,-138.50409494717798
50,natural,94,-138.50424728727603
50,natural,95,-138.5043258570926
50,natural,96,-138.50456915830705
50,natural,97,-138.5046380902642
50,natural,98,-138.504716981462
50,natural,99,-138.50478981839822
50,natural,100,-138.50486719713535
50,natural,101,-138.5048789188271
50,natural,102,-138.5049181291005
50,natural,103,-138.50492703798
50,natural,104,-138.50494191169423
50,natural,105,-138.50498666144014
50,natural,106,-138.5050023887244
50,natural,107,-138.50501703457402
50,natural,108,-138.5050330062429
50,natural,109,-138.50504750286697
50,natural,110,-138.50505242041035
50,natural,111,-138.50505690900746
50,natural,112,-138.50506074004656
50,natural,113,-138.50506418740835
50,natural,114,-138.50506752653322
50,natural,115,-138.5050716233037
50,natural,116,-138.50508024947572
50,natural,117,-138.50508468011054
50,natural,118,-138.5050869043689
50,natural,119,-138.50510185735783
50,natural,120,-138.50515729785405
50,natural,121,-138.50519717983084
50,natural,122,-138.50525164013146
50,natural,123,-138.50526038392286
50,natural,124,-138.50529082634245
50,natural,125,-138.5053133871396
50,natural,126,-138.50532859387206
50,natural,127,-138.50534049982258
50,natural,128,-138.50534706047512
50,natural,129,-138.50535563661384
50,natural,130,-138.50537815907174
50,natural,131,-138.50539264592524
50,natural,132,-138.50539714102084
50,natural,133,-138.50540728407805
50,natural,134,-138.5054209341102
50,natural,135,-138.50543786901014
50,natural,136,-138.505460191258
50,natural,137,-138.50548805715476
50,natural,138,-138.5054927394775
50,natural,139,-138.50556582434385
50,natural,140,-138.50558646928317
50,natural,141,-138.50562165039943
50,natural,142,-138.50563416887783
50,natural,143,-138.50564973268808
50,natural,144,-138.50568873196883
50,natural,145,-138.5057087189403
50,natural,146,-138.50574622960417
50,natural,147,-138.5057507153135
50,natural,148,-138.50576579316686
50,natural,149,-138.50577160050344
50,natural,150,-138.50577974807155
50,natural,151,-138.50578566857024
50,natural,152,-138.50579083246012
50,natural,153,-138.5057981385564
50,natural,154,-138.50580539943883
50,natural,155,-138.50581595638852
50,natural,156,-138.5058175692096
50,natural,157,-138.5058261245935
50,natural,158,-138.50582755370453
50,natural,159,-138.50583608730196
50,natural,160,-138.50585514153872
50,natural,161,-138.50591827336783
50,natural,162,-138.50598783633976
50,natural,163,-138.50599782215
50,natural,164,-138.50617783511348
50,natural,165,-138.5062495797766
50,natural,166,-138.50654062399735
50,natural,167,-138.50683540579158
50,natural,168,-138.50691739245042
50,natural,169,-138.50700153112547
50,natural,170,-138.50704460059166
50,natural,171,-138.50714209426366
50,natural,172,-138.50718744797788
50,natural,173,-138.5072729151512
50,natural,174,-138.50729956060835
50,natural,175,-138.50731945615064
50,natural,176,-138.50755307800642
50,natural,177,-138.5075722764136
50,natural,178,-138.50765176091684
50,natural,179,-138.5076640595396
50,natural,180,-138.50771439360454
50,natural,181,-138.50772336132414
50,natural,182,-138.50778825462444
50,natural,183,-138.507902012085
50,natural,184,-138.50795639033922
50,natural,185,-138.50801019366057
50,natural,186,-138.5080206963687
50,natural,187,-138.50805305865848
50,natural,188,-138.50806901693593
50,natural,189,-138.5081189419911
50,natural,190,-138.5081764578498
50,natural,191,-138.50820497278747
50,natural,192,-138.50823511546665
50,natural,193,-138.50824841604788
50,natural,194,-138.50825917833544
50,natural,195,-138.5082738511333
50,natural,196,-138.5082830773767
50,natural,197,-138.5082854544201
50,natural,198,-138.50829833309976
50,natural,199,-138.50831565116192
50,natural,200,-138.50831605323822
50,natural,201,-138.50832972562253
50,natural,202,-138.50833846406013
50,natural,203,-138.50834690694003
50,natural,204,-138.50835212248717
50,natural,205,-138.5083609796189
50,natural,206,-138.50836979236294
50,natural,207,-138.5083744060904
50,natural,208,-138.50837988453
50,natural,209,-138.50838517898498
50,natural,210,-138.5083900244817
50,natural,211,-138.50840551901064
50,natural,212,-138.50840944985532
50,natural,213,-138.5084141951631
50,natural,214,-138.50842069921458
50,natural,215,-138.50842484197145
50,natural,216,-138.5084259630679
50,natural,217,-138.50842726286209
50,natural,218,-138.50843084197817
50,natural,219,-138.5084351246435
50,natural,220,-138.50844825874154
50,natural,221,-138.50845718596787
50,natural,222,-138.50849331716867
50,natural,223,-138.50851393232418
50,natural,224,-138.50855615955604
50,natural,225,-138.50857600821814
50,natural,226,-138.50859337560846
50,natural,227,-138.50861689368887
50,natural,228,-138.5086473261892
50,natural,229,-138.5086910938
50,natural,230,-138.5087239955885
50,natural,231,-138.508740758307
50,natural,232,-138.5088139012104
50,natural,233,-138.50886805710968
50,natural,234,-138.5089166339432
50,natural,235,-138.50893229371434
50,natural,236,-138.50894556068468
50,natural,237,-138.5090424011717
50,natural,238,-138.50907814702526
50,natural,239,-138.50916143689332
50,natural,240,-138.50921586802647
50,natural,241,-138.50923780523334
50,natural,242,-138.50928772498946
50,natural,243,-138.5093158391147
50,natural,244,-138.50944200350548
50,natural,245,-138.50946641407631
50,natural,246,-138.5095360972362
50,natural,247,-138.5095835177067
50,natural,248,-138.50960636778626
50,natural,249,-138.50961500660165
50,natural,250,-138.50963233509268
50,natural,251,-138.50968787802884
50,natural,252,-138.5097037763322
50,natural,253,-138.5097331020577
50,natural,254,-138.50975302732786
50,natural,255,-138.5097719061815
50,natural,256,-138.50977411819835
50,natural,257,-138.50978491864268
50,natural,258,-138.509930299648
50,natural,259,-138.51009768308242
50,natural,260,-138.5101027535572
50,natural,261,-138.51022653033664
50,natural,262,-138.51026451305918
50,natural,263,-138.51038186680336
50,natural,264,-138.51042456788787
50,natural,265,-138.5104691815267
50,natural,266,-138.510502473531
50,natural,267,-138.51057085357897
50,natural,268,-138.5106556512172
50,natural,269,-138.5106719925975
50,natural,270,-138.510708552132
50,natural,271,-138.5107155014879
50,natural,272,-138.51075625950887
50,natural,273,-138.51077003713172
50,natural,274,-138.51078187518308
50,natural,275,-138.51080972911427
50,natural,276,-138.51082792029203
50,natural,277,-138.5108478770864
50,natural,278,-138.5108582573785
50,natural,279,-138.5108737427174
50,natural,280,-138.51087585879213
50,natural,281,-138.5108813045309
50,natural,282,-138.5108865572512
50,natural,283,-138.51089166060365
50,natural,284,-138.5108953171946
50,natural,285,-138.51089698185626
50,natural,286,-138.51090008001336
50,natural,287,-138.5109017526091
50,natural,288,-138.5109039606819
50,natural,289,-138.51092274968792
50,natural,290,-138.51096045408366
50,natural,291,-138.51099532071376
50,natural,292,-138.5110436333149
50,natural,293,-138.5110457854651
50,natural,294,-138.51106481721922
50,natural,295,-138.5110968706408
50,natural,296,-138.51112307435002
50,natural,297,-138.51118808651202
50,natural,298,-138.51121640654515
50,natural,299,-138.511265992968
50,natural,300,-138.51141519427648
50,natural,301,-138.5114452868918
50,natural,302,-138.511519437485
50,natural,303,-138.51158509645043
50,natural,304,-138.5116411142672
50,natural,305,-138.51164190008538
50,natural,306,-138.51166031215547
50,natural,307,-138.51166674323449
50,natural,308,-138.51170041633233
50,natural,309,-138.51172962108606
50,natural,310,-138.51173544365028
50,natural,311,-138.51175645367988
50,natural,312,-138.51176080550468
50,natural,313,-138.5117753353972
50,natural,314,-138.5117765154224
50,natural,315,-138.51178270464763
50,natural,316,-138.51178290028494
50,natural,317,-138.51178855657216
50,natural,318,-138.51180103637782
50,natural,319,-138.51180243776903
50,natural,320,-138.5118189888815
50,natural,321,-138.51185128159773
50,natural,322,-138.5118564692803
50,natural,323,-138.51187068814755
50,natural,324,-138.51187781738176
50,natural,325,-138.5118870026577
50,natural,326,-138.51188708887136
50,natural,327,-138.51189040211926
50,natural,328,-138.51190186099535
50,natural,329,-138.51190821501086
50,natural,330,-138.51191970653323
50,natural,331,-138.51192318498428
50,natural,332,-138.5119276052697
50,natural,333,-138.51193189455563
50,natural,334,-138.5119367445261
50,natural,335,-138.51194920269884
50,natural,336,-138.51195051958467
50,natural,337,-138.51195982922806
50,natural,338,-138.51200023663634
50,natural,339,-138.512010803898
50,natural,340,-138.51203035042525
50,natural,341,-138.51203837279544
50,natural,342,-138.51205122714603
50,natural,343,-138.51205595749855
50,natural,344,-138.5120620833248
50,natural,345,-138.51208657827326
50,natural,346,-138.51208716720228
50,natural,347,-138.5121040573106
50,natural,348,-138.5121109726282
50,natural,349,-138.51213068722544
50,natural,350,-138.51216295459758
50,natural,351,-138.51216527143316
50,natural,352,-138.51217896954512
50,natural,353,-138.51219415902526
50,natural,354,-138.51220264278956
50,natural,355,-138.51220526237142
50,natural,356,-138.5122171975303
50,natural,357,-138.51223530210694
50,natural,358,-138.51224686151826
50,natural,359,-138.51227007461753
50,natural,360,-138.51229610177575
50,natural,361,-138.51229936495238
50,natural,362,-138.51232625931848
50,natural,363,-138.51232915172235
50,natural,364,-138.5123442159022
50,natural,365,-138.51234939198366
50,natural,366,-138.51235318691107
50,natural,367,-138.51235601432182
50,natural,368,-138.51235864708204
50,natural,369,-138.51236147786565
50,natural,370,-138.51236780720373
50,natural,371,-138.51237231251488
50,natural,372,-138.512374358652
50,natural,373,-138.51237746870987
50,natural,374,-138.51237773361953
50,natural,375,-138.5123815642102
50,natural,376,-138.51239095551622
50,natural,377,-138.51239375392493
50,natural,378,-138.51239823967973
50,natural,379,-138.51240014699337
50,natural,380,-138.51240256489731
50,natural,381,-138.51240551775282
50,natural,382,-138.51240886587004
50,natural,383,-138.51241788525655
50,natural,384,-138.51243970619728
50,natural,385,-138.5124472159648
50,natural,386,-138.51245814822857
50,natural,387,-138.51246008457989
50,natural,388,-138.5124701069325
50,natural,389,-138.5124757916781
50,natural,390,-138.5124814064274
50,natural,391,-138.51249857391088
50,natural,392,-138.51250092416188
50,natural,393,-138.51250966439449
50,natural,394,-138.51251689500063
50,natural,395,-138.5125234458234
50,natural,396,-138.51252654386303
50,natural,397,-138.5125275430793
50,natural,398,-138.51253271881822
50,natural,399,-138.51253493085005
50,natural,400,-138.5125522925135
50,natural,401,-138.51256516619677
50,natural,402,-138.51257178335788
50,natural,403,-138.51258559692943
50,natural,404,-138.5125900922831
50,natural,405,-138.5125974800204
50,natural,406,-138.51260574244904
50,natural,407,-138.51261831986733
50,natural,408,-138.5126400007686
50,natural,409,-138.5126436420698
50,natural,410,-138.51265333299082
50,natural,411,-138.5126651752535
50,natural,412,-138.51267544369927
50,natural,413,-138.51268745464083
50,natural,414,-138.51269268356373
50,natural,415,-138.51269891314627
50,natural,416,-138.51270433564767
50,natural,417,-138.51270801126495
50,natural,418,-138.5127095874214
50,natural,419,-138.51271123141635
50,natural,420,-138.51271548415588
50,natural,421,-138.51271562942003
50,natural,422,-138.5127178399382
50,natural,423,-138.5127195108036
50,natural,424,-138.51272135732071
50,natural,425,-138.51272306616494
50,natural,426,-138.51273019178836
50,natural,427,-138.51273081936606
50,natural,428,-138.5127328997308
50,natural,429,-138.51273487422392
50,natural,430,-138.51274256896917
50,natural,431,-138.5127427304207
50,natural,432,-138.51275317898723
50,natural,433,-138.5127598442675
50,natural,434,-138.51276617470236
50,natural,435,-138.51277489051162
50,natural,436,-138.5127760296756
50,natural,437,-138.51278449168996
50,natural,438,-138.51278695298674
50,natural,439,-138.51279134125
50,natural,440,-138.51279324235904
50,natural,441,-138.51279424142444
50,natural,442,-138.512804606155
50,natural,443,-138.51280926956198
50,natural,444,-138.5128225665125
50,natural,445,-138.51284156899388
50,natural,446,-138.51284175492543
50,natural,447,-138.5128543445503
50,natural,448,-138.5128613306457
50,natural,449,-138.5128715720148
50,natural,450,-138.51289319206697
50,natural,451,-138.51289457323236
50,natural,452,-138.5129123159245
50,natural,453,-138.512916694107
50,natural,454,-138.5129263842933
50,natural,455,-138.51292971491313
50,natural,456,-138.51293564169646
50,natural,457,-138.51293910623662
50,natural,458,-138.51295481502126
50,natural,459,-138.51296788159496
50,natural,460,-138.51296837057077
50,natural,461,-138.5129734101324
50,natural,462,-138.51297741474855
50,natural,463,-138.51298374829292
50,natural,464,-138.51299462801393
50,natural,465,-138.51299758770108
50,natural,466,-138.51300517290213
50,natural,467,-138.5130057848281
50,natural,468,-138.51301048078787
50,natural,469,-138.51301194831046
50,natural,470,-138.51301332299857
50,natural,471,-138.51301581740137
50,natural,472,-138.51301675252554
50,natural,473,-138.513019379561
50,natural,474,-138.51302148104907
50,natural,475,-138.51302439462216
50,natural,476,-138.5130260843112
50,natural,477,-138.51302950658146
50,natural,478,-138.51303336097496
50,natural,479,-138.5130379171023
50,natural,480,-138.51303909887812
50,natural,481,-138.51304445151968
50,natural,482,-138.51305230804638
50,natural,483,-138.51306027356594
50,natural,484,-138.51306532411854
50,natural,485,-138.51307045257442
50,natural,486,-138.51307160142284
50,natural,487,-138.5130723171895
50,natural,488,-138.5130735631181
50,natural,489,-138.51307835645576
50,natural,490,-138.51308801391025
50,natural,491,-138.51308864987828
50,natural,492,-138.5130906293065
50,natural,493,-138.51309275066524
50,natural,494,-138.5130966092695
50,natural,495,-138.51310338939237
50,natural,496,-138.51313126095448
50,natural,497,-138.51313631552912
50,natural,498,-138.51313843893706
50,natural,499,-138.51314144689556
50,natural,500,-138.51314680760143
50,natural,501,-138.51314850501308
50,natural,502,-138.51315235970196
50,natural,503,-138.51316042480144
50,natural,504,-138.5131651659361
50,natural,505,-138.5131703233576
50,natural,506,-138.51317197225939
50,natural,507,-138.51317495186365
50,natural,508,-138.51317792081656
50,natural,509,-138.51318001747876
50,natural,510,-138.5131853569075
50,natural,511,-138.5131952195612
50,natural,512,-138.51320078667888
50,natural,513,-138.5132123945366
50,natural,514,-138.51323803891736
50,natural,515,-138.51325633648455
50,natural,516,-138.51328435440251
50,natural,517,-138.51334263008164
50,natural,518,-138.51337764949943
50,natural,519,-138.51341551444634
50,natural,520,-138.51347545606453
50,natural,521,-138.51353625915212
50,natural,522,-138.51353772844612
50,natural,523,-138.51354875291844
50,natural,524,-138.51355330943815
50,natural,525,-138.5135639430532
50,natural,526,-138.5135702676502
50,natural,527,-138.51357709570993
50,natural,528,-138.5135793002147
50,natural,529,-138.51358706374643
50,natural,530,-138.51359070818648
50,natural,531,-138.51359542549787
50,natural,532,-138.5135996043649
50,natural,533,-138.5136016981275
50,natural,534,-138.51360876578286
50,natural,535,-138.51361006569223
50,natural,536,-138.51361496832786
50,natural,537,-138.51361709688283
50,natural,538,-138.51361989391722
50,natural,539,-138.51362768181139
50,natural,540,-138.51362997809633
50,natural,541,-138.51363647267738
50,natural,542,-138.51367201965817
50,natural,543,-138.51368147573353
50,natural,544,-138.5136892144988
50,natural,545,-138.51369466251467
50,natural,546,-138.5137044912413
50,natural,547,-138.5137324781819
50,natural,548,-138.513733868178
50,natural,549,-138.51374213172025
50,natural,550,-138.51375238825244
50,natural,551,-138.51375302014304
50,natural,552,-138.51375442368516
50,natural,553,-138.51376031000106
50,natural,554,-138.51376231821388
50,natural,555,-138.5137651289143
50,natural,556,-138.513766709139
50,natural,557,-138.51376988862373
50,natural,558,-138.51377433705417
50,natural,559,-138.51377663020867
50,natural,560,-138.5137791292877
50,natural,561,-138.51378009473814
50,natural,562,-138.5137870075461
50,natural,563,-138.51379005859044
50,natural,564,-138.51379133445343
50,natural,565,-138.51379466725058
50,natural,566,-138.513796996712
50,natural,567,-138.51380463887216
50,natural,568,-138.51380560684458
50,natural,569,-138.51384492144436
50,natural,570,-138.51384554983807
50,natural,571,-138.5138509610622
50,natural,572,-138.51385570366307
50,natural,573,-138.5138731188364
50,natural,574,-138.51388285743317
50,natural,575,-138.51389711304643
50,natural,576,-138.51391320928767
50,natural,577,-138.51391991642606
50,natural,578,-138.51392204910545
50,natural,579,-138.51392457061738
50,natural,580,-138.51393170498943
50,natural,581,-138.5139349425339
50,natural,582,-138.51393690255594
50,natural,583,-138.51393936652119
50,natural,584,-138.51394076217565
50,natural,585,-138.51394531484652
50,natural,586,-138.5139458358707
50,natural,587,-138.51394905207033
50,natural,588,-138.5139516635792
50,natural,589,-138.5139525503062
50,natural,590,-138.5139620357883
50,natural,591,-138.51396251841467
50,natural,592,-138.51396616148634
50,natural,593,-138.51397211111708
50,natural,594,-138.51397587005764
50,natural,595,-138.51397999402118
50,natural,596,-138.51398299721407
50,natural,597,-138.5139894411432
50,natural,598,-138.51399706504273
50,natural,599,-138.51399890072773
50,natural,600,-138.51400596444677
50,natural,601,-138.5140062422755
50,natural,602,-138.51401048560055
50,natural,603,-138.51401172443542
50,natural,604,-138.51401661549397
50,natural,605,-138.51402075485262
50,natural,606,-138.5140300978581
50,natural,607,-138.5140538084578
50,natural,608,-138.51409831891624
50,natural,609,-138.51423008531327
50,natural,610,-138.5142675581742
50,natural,611,-138.5143631372545
50,natural,612,-138.51437717961693
50,natural,613,-138.51445734733963
50,natural,614,-138.51446635377965
50,natural,615,-138.51449291080743
50,natural,616,-138.51449654004503
50,natural,617,-138.5145160068046
50,natural,618,-138.5145209203059
50,natural,619,-138.5145293630753
50,natural,620,-138.51453315654044
50,natural,621,-138.51453940202492
50,natural,622,-138.51455688832212
50,natural,623,-138.51456104649205
50,natural,624,-138.51457422194855
50,natural,625,-138.5145785640992
50,natural,626,-138.51458087326674
50,natural,627,-138.51459192150182
50,natural,628,-138.514594279216
50,natural,629,-138.51460010289915
50,natural,630,-138.51460039807222
50,natural,631,-138.51460396599404
50,natural,632,-138.5146105742306
50,natural,633,-138.51461396236732
50,natural,634,-138.51461819295696
50,natural,635,-138.51463369589476
50,natural,636,-138.51463920682022
50,natural,637,-138.5146494667633
50,natural,638,-138.51464949397493
50,natural,639,-138.51466340247813
50,natural,640,-138.51466421890387
50,natural,641,-138.5146772073643
50,natural,642,-138.51470080784955
50,natural,643,-138.51471357968816
50,natural,644,-138.51474563627994
50,natural,645,-138.51475822774742
50,natural,646,-138.51477883530728
50,natural,647,-138.5147841776892
50,natural,648,-138.5147908872335
50,natural,649,-138.51479194084416
50,natural,650,-138.51479597163586
50,natural,651,-138.51480953440722
50,natural,652,-138.51481402246387
50,natural,653,-138.51481928777616
50,natural,654,-138.51483077395577
50,natural,655,-138.51483620866236
50,natural,656,-138.5148468632982
50,natural,657,-138.51485437704534
50,natural,658,-138.5148618042497
50,natural,659,-138.51487681106025
50,natural,660,-138.5148928256642
50,natural,661,-138.51498484837492
50,natural,662,-138.51503174456516
50,natural,663,-138.51588777980285
50,natural,664,-138.51592180452843
50,natural,665,-138.5159911026407
50,natural,666,-138.51604811771745
50,natural,667,-138.51611532222
50,natural,668,-138.5161350646464
50,natural,669,-138.5161645054929
50,natural,670,-138.51617675223852
50,natural,671,-138.51620533732412
50,natural,672,-138.5162137344862
50,natural,673,-138.51622521979502
50,natural,674,-138.5162416624245
50,natural,675,-138.51625781722998
50,natural,676,-138.516277869753
50,natural,677,-138.51628467758692
50,natural,678,-138.51629976021158
50,natural,679,-138.516309611578
50,natural,680,-138.51631663985765
50,natural,681,-138.51632202139734
50,natural,682,-138.51632582300482
50,natural,683,-138.516326006301
50,natural,684,-138.51632799950545
50,natural,685,-138.5163344679958
50,natural,686,-138.5163358806187
50,natural,687,-138.5163430931262
50,natural,688,-138.51634686200458
50,natural,689,-138.51634930853427
50,natural,690,-138.5163571601469
50,natural,691,-138.51636240538795
50,natural,692,-138.5163742824082
50,natural,693,-138.5163890244392
50,natural,694,-138.51639094546715
50,natural,695,-138.51640556809363
50,natural,696,-138.5164097114041
50,natural,697,-138.51641458011318
50,natural,698,-138.51642608208547
50,natural,699,-138.51643775997525
50,natural,700,-138.5164479519472
50,natural,701,-138.5164560167705
50,natural,702,-138.516464125109
50,natural,703,-138.51647170955644
50,natural,704,-138.51648327074065
50,natural,705,-138.5165155460903
50,natural,706,-138.51651559295792
50,natural,707,-138.51655944903118
50,natural,708,-138.51659233106673
50,natural,709,-138.51659766113735
50,natural,710,-138.5166198237846
50,natural,711,-138.51663399682664
50,natural,712,-138.5166514877192
50,natural,713,-138.5166586213693
50,natural,714,-138.5166625315843
50,natural,715,-138.5166627811416
50,natural,716,-138.51666300208137
50,natural,717,-138.5166771729927
50,natural,718,-138.51668175368405
50,natural,719,-138.51669958655305
50,natural,720,-138.51674062748378
50,natural,721,-138.51674851562268
50,natural,722,-138.5167678134482
50,natural,723,-138.5167744429889
50,natural,724,-138.51678927399763
50,natural,725,-138.5167941026234
50,natural,726,-138.5167996280544
50,natural,727,-138.51682577142336
50,natural,728,-138.51682713078986
50,natural,729,-138.51684071969066
50,natural,730,-138.51684443833025
50,natural,731,-138.51685420484728
50,natural,732,-138.51685861043427
50,natural,733,-138.5168763871974
50,natural,734,-138.51690200607268
50,natural,735,-138.51690671036422
50,natural,736,-138.51691662694046
50,natural,737,-138.51693193642294
50,natural,738,-138.5169337005645
50,natural,739,-138.5169534213041
50,natural,740,-138.51695604783725
50,natural,741,-138.51696890784473
50,natural,742,-138.5169727581552
50,natural,743,-138.51698007950444
50,natural,744,-138.51701659343016
50,natural,745,-138.51703140788774
50,natural,746,-138.5170388853308
50,natural,747,-138.51706063178312
50,natural,748,-138.51708539830796
50,natural,749,-138.51710174099986
50,natural,750,-138.517121017381
50,natural,751,-138.51713035888525
50,natural,752,-138.51714071782823
50,natural,753,-138.51715128689662
50,natural,754,-138.51715359174625
50,natural,755,-138.5171593767927
50,natural,756,-138.51716151381504
50,natural,757,-138.51716656693222
50,natural,758,-138.51716965652173
50,natural,759,-138.5171712543874
50,natural,760,-138.5171739253612
50,natural,761,-138.51717494542166
50,natural,762,-138.51717749906393
50,natural,763,-138.51717769964873
50,natural,764,-138.51718211625627
50,natural,765,-138.51718659936347
50,natural,766,-138.5171871303123
50,natural,767,-138.517191314683
50,natural,768,-138.51719398249466
50,natural,769,-138.5171951655936
50,natural,770,-138.51720036065325
50,natural,771,-138.5172282290175
50,natural,772,-138.51722995562963
50,natural,773,-138.51724602913484
50,natural,774,-138.51724992232195
50,natural,775,-138.51725986269872
50,natural,776,-138.51726224554727
50,natural,777,-138.51726680417866
50,natural,778,-138.51726697021556
50,natural,779,-138.5172704550592
50,natural,780,-138.5172707791249
50,natural,781,-138.51727216384845
50,natural,782,-138.5172758095295
50,natural,783,-138.51728589824108
50,natural,784,-138.5172860642059
50,natural,785,-138.5172891826071
50,natural,786,-138.51730191965592
50,natural,787,-138.5173048393042
50,natural,788,-138.5173164502117
50,natural,789,-138.51732028968175
50,natural,790,-138.51732970099073
50,natural,791,-138.51733358820232
50,natural,792,-138.51734313128182
50,natural,793,-138.51734525104297
50,natural,794,-138.51735016173004
50,natural,795,-138.51735035011703
50,natural,796,-138.51735594454928
50,natural,797,-138.51736071605166
50,natural,798,-138.51736081718627
50,natural,799,-138.51736472824783
50,natural,800,-138.51736849688456
50,natural,801,-138.5173708428229
50,natural,802,-138.5173710904368
50,natural,803,-138.51737247379677
50,natural,804,-138.51737931873035
50,natural,805,-138.5173836808687
50,natural,806,-138.5173874168683
50,natural,807,-138.5173897253653
50,natural,808,-138.5173906309279
50,natural,809,-138.51740094598813
50,natural,810,-138.5174063558118
50,natural,811,-138.5174106053774
50,natural,812,-138.51741636278985
50,natural,813,-138.51742059990647
50,natural,814,-138.5174216766323
50,natural,815,-138.51742246049918
50,natural,816,-138.51742700212242
50,natural,817,-138.5174272916561
50,natural,818,-138.51743183150674
50,natural,819,-138.51743301456787
50,natural,820,-138.51743486342878
50,natural,821,-138.51743652070599
50,natural,822,-138.51743861010445
50,natural,823,-138.51744291648205
50,natural,824,-138.5174431181535
50,natural,825,-138.51744492565675
50,natural,826,-138.51745346758887
50,natural,827,-138.517459099226
50,natural,828,-138.51746387412487
50,natural,829,-138.5174710286623
50,natural,830,-138.517477447275
50,natural,831,-138.51748532393592
50,natural,832,-138.51748609052547
50,natural,833,-138.51749437143167
50,natural,834,-138.51750628771987
50,natural,835,-138.51751206199506
50,natural,836,-138.51752296496292
50,natural,837,-138.51753039067702
50,natural,838,-138.5175391238439
50,natural,839,-138.51754164498047
50,natural,840,-138.51754817326767
50,natural,841,-138.5175483275291
50,natural,842,-138.51755323276905
50,natural,843,-138.5175632429342
50,natural,844,-138.51756610993456
50,natural,845,-138.5175712660368
50,natural,846,-138.5175772019764
50,natural,847,-138.51757919818843
50,natural,848,-138.51758244954374
50,natural,849,-138.51758449023694
50,natural,850,-138.51758947588573
50,natural,851,-138.51759185010917
50,natural,852,-138.51759516767956
50,natural,853,-138.51759681786118
50,natural,854,-138.5175983680745
50,natural,855,-138.51760086288962
50,natural,856,-138.51761294017857
50,natural,857,-138.5176132269174
50,natural,858,-138.51761457078257
50,natural,859,-138.51761552651647
50,natural,860,-138.5176203219641
50,natural,861,-138.51762064737062
50,natural,862,-138.51762622181042
50,natural,863,-138.51763148797082
50,natural,864,-138.5176338770666
50,natural,865,-138.51763836985648
50,natural,866,-138.5176409125331
50,natural,867,-138.5176458191188
50,natural,868,-138.5176466442004
50,natural,869,-138.51765110641668
50,natural,870,-138.51765222680672
50,natural,871,-138.51765331431167
50,natural,872,-138.51765780807386
50,natural,873,-138.5176578237401
50,natural,874,-138.5176632829668
50,natural,875,-138.51766741045142
50,natural,876,-138.5176789579378
50,natural,877,-138.51768144127098
50,natural,878,-138.51768412065894
50,natural,879,-138.51768803305347
50,natural,880,-138.51769001884466
50,natural,881,-138.51769657667847
50,natural,882,-138.51770190867256
50,natural,883,-138.51770309281576
50,natural,884,-138.517710774406
50,natural,885,-138.51771088660996
50,natural,886,-138.51771638894837
50,natural,887,-138.5177202264388
50,natural,888,-138.5177215471877
50,natural,889,-138.51772418889888
50,natural,890,-138.51772566995456
50,natural,891,-138.5177303342662
50,natural,892,-138.51773155709066
50,natural,893,-138.51773404239887
50,natural,894,-138.51773818008863
50,natural,895,-138.5177401340307
50,natural,896,-138.51774786873298
50,natural,897,-138.51774898490928
50,natural,898,-138.51774969979544
50,natural,899,-138.5177621170677
50,natural,900,-138.5177626356359
50,natural,901,-138.5177712413237
50,natural,902,-138.51777196282444
50,natural,903,-138.51777538832368
50,natural,904,-138.5177788269125
50,natural,905,-138.51778726525527
50,natural,906,-138.51778918976078
50,natural,907,-138.51779428237904
50,natural,908,-138.51780883437326
50,natural,909,-138.51783013127928
50,natural,910,-138.5178323847372
50,natural,911,-138.51784494791514
50,natural,912,-138.5178484960385
50,natural,913,-138.51786268981215
50,natural,914,-138.5178676580019
50,natural,915,-138.5178707356003
50,natural,916,-138.5178727315983
50,natural,917,-138.51787357053266
50,natural,918,-138.5178806289815
50,natural,919,-138.51788344020045
50,natural,920,-138.51788756726725
50,natural,921,-138.5178893897054
50,natural,922,-138.51789105750552
50,natural,923,-138.51789627390696
50,natural,924,-138.51789652759393
50,natural,925,-138.5179013264014
50,natural,926,-138.51790206137403
50,natural,927,-138.51790348312113
50,natural,928,-138.51790638574283
50,natural,929,-138.51790841090875
50,natural,930,-138.51791259278664
50,natural,931,-138.51791474670992
50,natural,932,-138.51791606839043
50,natural,933,-138.5179289771223
50,natural,934,-138.5179339882353
50,natural,935,-138.5179407623278
50,natural,936,-138.5179447701634
50,natural,937,-138.51794742075782
50,natural,938,-138.5179526775321
50,natural,939,-138.51795597055343
50,natural,940,-138.51795980759974
50,natural,941,-138.5179670530682
50,natural,942,-138.51796932865318
50,natural,943,-138.51797822589822
50,natural,944,-138.5179788389807
50,natural,945,-138.5179860735401
50,natural,946,-138.51798835203078
50,natural,947,-138.51799421494704
50,natural,948,-138.51799457946842
50,natural,949,-138.51799764937914
50,natural,950,-138.51800519216357
50,natural,951,-138.5180081330695
50,natural,952,-138.51801909688723
50,natural,953,-138.5180232352863
50,natural,954,-138.5180271128339
50,natural,955,-138.51803024649507
50,natural,956,-138.5180325465618
50,natural,957,-138.51803980514546
50,natural,958,-138.51803998123032
50,natural,959,-138.51804793824073
50,natural,960,-138.5180680105793
50,natural,961,-138.5180727444265
50,natural,962,-138.5180821436569
50,natural,963,-138.5180825210311
50,natural,964,-138.51808529990018
50,natural,965,-138.51808816039366
50,natural,966,-138.51808899932595
50,natural,967,-138.51809271419174
50,natural,968,-138.51809908928772
50,natural,969,-138.51810477556006
50,natural,970,-138.51811212372937
50,natural,971,-138.51811543609847
50,natural,972,-138.51812341439444
50,natural,973,-138.51812672987316
50,natural,974,-138.51813512460058
50,natural,975,-138.51813831016358
50,natural,976,-138.51814152344636
50,natural,977,-138.51814462298157
50,natural,978,-138.51814580592176
50,natural,979,-138.5181509440456
50,natural,980,-138.51815389208676
50,natural,981,-138.518156657444
50,natural,982,-138.51815886093047
50,natural,983,-138.51816046888413
50,natural,984,-138.51816581520268
50,natural,985,-138.51816652404383
50,natural,986,-138.5181666028399
50,natural,987,-138.51817057493415
50,natural,988,-138.5181734094407
50,natural,989,-138.51817426913024
50,natural,990,-138.5181748743753
50,natural,991,-138.5181820017506
50,natural,992,-138.5181839745181
50,natural,993,-138.5181855800987
50,natural,994,-138.51818803258755
50,natural,995,-138.51818850669432
50,natural,996,-138.51819039710546
50,natural,997,-138.5181929469513
50,natural,998,-138.51819657320056
50,natural,999,-138.5182192252313
50,natural,1000,-138.51822079038368
50,natural,1001,-138.51822922672136
50,natural,1002,-138.51823176516578
50,natural,1003,-138.51823551962372
50,natural,1004,-138.5182365148027
50,natural,1005,-138.5182391636945
50,natural,1006,-138.5182434897267
50,natural,1007,-138.51824426077872
50,natural,1008,-138.51824746575463
50,natural,1009,-138.51824950872094
50,natural,1010,-138.51825553748998
50,natural,1011,-138.51826548747758
50,natural,1012,-138.51826870622327
50,natural,1013,-138.51828137028818
50,natural,1014,-138.5182844423674
50,natural,1015,-138.51828902057295
50,natural,1016,-138.51828998046565
50,natural,1017,-138.51829461733388
50,natural,1018,-138.51830079681812
50,natural,1019,-138.51830927795365
50,natural,1020,-138.5183148076751
50,natural,1021,-138.51831877843094
50,natural,1022,-138.51832858071327
50,natural,1023,-138.5183337909995
50,natural,1024,-138.51833642521365
50,natural,1025,-138.51834796271748
50,natural,1026,-138.51835097971883
50,natural,1027,-138.51835541839392
50,natural,1028,-138.51836354753164
50,natural,1029,-138.51836448292352
50,natural,1030,-138.51836967233115
50,natural,1031,-138.51836985302
50,natural,1032,-138.51837605314532
50,natural,1033,-138.5183780861442
50,natural,1034,-138.51838023423815
50,natural,1035,-138.51838259596138
50,natural,1036,-138.51838314749534
50,natural,1037,-138.51838438424434
50,natural,1038,-138.51838504634253
50,natural,1039,-138.51838705532157
50,natural,1040,-138.5183877119408
50,natural,1041,-138.51838971983332
50,natural,1042,-138.51839367291024
50,natural,1043,-138.51839558417538
50,natural,1044,-138.51839704558788
50,natural,1045,-138.51840047907697
50,natural,1046,-138.5184027718094
50,natural,1047,-138.51840520177893
50,natural,1048,-138.51842129563153
50,natural,1049,-138.51842468975636
50,natural,1050,-138.51843209721133
50,natural,1051,-138.51846738812299
50,natural,1052,-138.51847268427932
50,natural,1053,-138.5184764558347
50,natural,1054,-138.51847874853416
50,natural,1055,-138.51848801456896
50,natural,1056,-138.51849081482783
50,natural,1057,-138.51849906818865
50,natural,1058,-138.51850244108704
50,natural,1059,-138.51850929107064
50,natural,1060,-138.51851201942142
50,natural,1061,-138.51851455107294
50,natural,1062,-138.51851576588214
50,natural,1063,-138.51852080244433
50,natural,1064,-138.51855959951683
50,natural,1065,-138.51856147243237
50,natural,1066,-138.5185957178772
50,natural,1067,-138.5185967031701
50,natural,1068,-138.5186080580895
50,natural,1069,-138.51865883587195
50,natural,1070,-138.51873018072922
50,natural,1071,-138.5187304460993
50,natural,1072,-138.51877705970358
50,natural,1073,-138.51881582925725
50,natural,1074,-138.51886724909178
50,natural,1075,-138.51894025087387
50,natural,1076,-138.5189588601148
50,natural,1077,-138.51898146038835
50,natural,1078,-138.51899354975092
50,natural,1079,-138.51900646535023
50,natural,1080,-138.51901033489202
50,natural,1081,-138.5190212213942
50,natural,1082,-138.51902212375634
50,natural,1083,-138.51902645153038
50,natural,1084,-138.51903192850446
50,natural,1085,-138.51903424813824
50,natural,1086,-138.51904389943874
50,natural,1087,-138.51904711110942
50,natural,1088,-138.51905292102978
50,natural,1089,-138.51905394954116
50,natural,1090,-138.5190601218808
50,natural,1091,-138.51907083029118
50,natural,1092,-138.5190744500189
50,natural,1093,-138.519082724245
50,natural,1094,-138.5190943653047
50,natural,1095,-138.51910308032484
50,natural,1096,-138.51911154968997
50,natural,1097,-138.51911762331045
50,natural,1098,-138.51912416091298
50,natural,1099,-138.51912756622855
50,natural,1100,-138.51913084178364
50,natural,1101,-138.51913293634075
50,natural,1102,-138.51913493681315
50,natural,1103,-138.51913628284248
50,natural,1104,-138.5191383705196
50,natural,1105,-138.51914441247234
50,natural,1106,-138.51914514723524
50,natural,1107,-138.5191482994564
50,natural,1108,-138.5191515495918
50,natural,1109,-138.51915266492384
50,natural,1110,-138.51915429983194
50,natural,1111,-138.5191631840832
50,natural,1112,-138.51920624295994
50,natural,1113,-138.51920683636973
50,natural,1114,-138.51920771145728
50,natural,1115,-138.51921025359752
50,natural,1116,-138.51922567376118
50,natural,1117,-138.51924835020745
50,natural,1118,-138.5192699410303
50,natural,1119,-138.51928022552826
50,natural,1120,-138.51929601080627
50,natural,1121,-138.51932952668957
50,natural,1122,-138.51934524233198
50,natural,1123,-138.51936181862487
50,natural,1124,-138.519365719645
50,natural,1125,-138.5193901340351
50,natural,1126,-138.51939740051023
50,natural,1127,-138.51940328139037
50,natural,1128,-138.51940626300265
50,natural,1129,-138.51940985612626
50,natural,1130,-138.51941343592142
50,natural,1131,-138.5194152199573
50,natural,1132,-138.5194212353907
50,natural,1133,-138.51942200747914
50,natural,1134,-138.51942762240947
50,natural,1135,-138.51943243865028
50,natural,1136,-138.51943515598057
50,natural,1137,-138.5194359017139
50,natural,1138,-138.51944417287444
50,natural,1139,-138.51944567106563
50,natural,1140,-138.51944723222095
50,natural,1141,-138.51944856965986
50,natural,1142,-138.51945208333686
50,natural,1143,-138.51945280229316
50,natural,1144,-138.51945576683482
50,natural,1145,-138.51945849115222
50,natural,1146,-138.5194600289899
50,natural,1147,-138.519461805915
50,natural,1148,-138.5194634817764
50,natural,1149,-138.51946527428305
50,natural,1150,-138.51947608052757
50,natural,1151,-138.51947670228873
50,natural,1152,-138.5194778958374
50,natural,1153,-138.519478480282
50,natural,1154,-138.51948474165033
50,natural,1155,-138.51948491649839
50,natural,1156,-138.5194938987649
50,natural,1157,-138.5194960103232
50,natural,1158,-138.51949705592452
50,natural,1159,-138.51950044099112
50,natural,1160,-138.51950399433636
50,natural,1161,-138.5195057834
50,natural,1162,-138.51950854415378
50,natural,1163,-138.51951324056137
50,natural,1164,-138.51951715929184
50,natural,1165,-138.51952717228758
50,natural,1166,-138.51952837493812
50,natural,1167,-138.5195540027867
50,natural,1168,-138.51957547336107
50,natural,1169,-138.5195822492055
50,natural,1170,-138.51966692640198
50,natural,1171,-138.51967008628148
50,natural,1172,-138.5197159933832
50,natural,1173,-138.51971844998317
50,natural,1174,-138.51973174626352
50,natural,1175,-138.51973903003284
50,natural,1176,-138.5197418617253
50,natural,1177,-138.51975239711558
50,natural,1178,-138.51975621273473
50,natural,1179,-138.5197568907814
50,natural,1180,-138.51975975187904
50,natural,1181,-138.51976134455964
50,natural,1182,-138.5197658698545
50,natural,1183,-138.51977119714164
50,natural,1184,-138.51977367784846
50,natural,1185,-138.51977721322757
50,natural,1186,-138.5197774831668
50,natural,1187,-138.5197811950529
50,natural,1188,-138.51978389355716
50,natural,1189,-138.51978452971417
50,natural,1190,-138.51978980319205
50,natural,1191,-138.51979112077817
50,natural,1192,-138.51979286016956
50,natural,1193,-138.51979529493337
50,natural,1194,-138.5197961362553
50,natural,1195,-138.51979701172266
50,natural,1196,-138.5197977023569
50,natural,1197,-138.51980059731903
50,natural,1198,-138.5198019208497
50,natural,1199,-138.51980358036576
50,natural,1200,-138.5198083550273
50,natural,1201,-138.51980968715094
50,natural,1202,-138.5198127982565
50,natural,1203,-138.51981826641077
50,natural,1204,-138.51981962461358
50,natural,1205,-138.51982616337727
50,natural,1206,-138.51982773523227
50,natural,1207,-138.51983027748355
50,natural,1208,-138.51984002935617
50,natural,1209,-138.5198404503223
50,natural,1210,-138.51984761518383
50,natural,1211,-138.5198489402962
50,natural,1212,-138.5198561608767
50,natural,1213,-138.51985701825035
50,natural,1214,-138.51985991927862
50,natural,1215,-138.5198638599065
50,natural,1216,-138.51986425255012
50,natural,1217,-138.51986639719874
50,natural,1218,-138.51986679031242
50,natural,1219,-138.51987081322645
50,natural,1220,-138.5198737257449
50,natural,1221,-138.5198748340356
50,natural,1222,-138.5198774771397
50,natural,1223,-138.51987749419084
50,natural,1224,-138.5198813413142
50,natural,1225,-138.51988263187644
50,natural,1226,-138.51988561451617
50,natural,1227,-138.51988947880199
50,natural,1228,-138.5198907463115
50,natural,1229,-138.5198932890467
50,natural,1230,-138.51989457222308
50,natural,1231,-138.51989916906015
50,natural,1232,-138.51991520927214
50,natural,1233,-138.51991639841034
50,natural,1234,-138.51992341416496
50,natural,1235,-138.5199317972034
50,natural,1236,-138.5199408457088
50,natural,1237,-138.51994826684367
50,natural,1238,-138.5199570126211
50,natural,1239,-138.5199624705651
50,natural,1240,-138.51996702641222
50,natural,1241,-138.51997246540947
50,natural,1242,-138.51997579453246
50,natural,1243,-138.5199777218623
50,natural,1244,-138.5199839278709
50,natural,1245,-138.51998966242024
50,natural,1246,-138.51999482383764
50,natural,1247,-138.51999779872207
50,natural,1248,-138.5200106801498
50,natural,1249,-138.52002378490744
50,natural,1250,-138.5200302496774
50,natural,1251,-138.5200372298464
50,natural,1252,-138.5200429337172
50,natural,1253,-138.52004695286374
50,natural,1254,-138.5200508155653
50,natural,1255,-138.52005590228958
50,natural,1256,-138.52005741026994
50,natural,1257,-138.5200646591898
50,natural,1258,-138.5200722031421
50,natural,1259,-138.52008176437425
50,natural,1260,-138.52008325343556
50,natural,1261,-138.520091802894
50,natural,1262,-138.52009361009746
50,natural,1263,-138.52009641411124
50,natural,1264,-138.520097754156
50,natural,1265,-138.52010133311632
50,natural,1266,-138.52010213957507
50,natural,1267,-138.5201037219826
50,natural,1268,-138.5201146620001
50,natural,1269,-138.52011821338408
50,natural,1270,-138.5201234095051
50,natural,1271,-138.52012611839186
50,natural,1272,-138.52012925048206
50,natural,1273,-138.52013485188635
50,natural,1274,-138.52013777501358
50,natural,1275,-138.5201421341925
50,natural,1276,-138.52014507160143
50,natural,1277,-138.52014682186177
50,natural,1278,-138.5201472829762
50,natural,1279,-138.52015054297453
50,natural,1280,-138.52015316745067
50,natural,1281,-138.52015847989844
50,natural,1282,-138.52015990246372
50,natural,1283,-138.5201624638149
50,natural,1284,-138.52016410360636
50,natural,1285,-138.5201740939387
50,natural,1286,-138.52017825536086
50,natural,1287,-138.5201801587966
50,natural,1288,-138.52018355320283
50,natural,1289,-138.52018517438776
50,natural,1290,-138.5201890190011
50,natural,1291,-138.5201912603933
50,natural,1292,-138.52019575756034
50,natural,1293,-138.52019871305427
50,natural,1294,-138.52019957428465
50,natural,1295,-138.5202010362017
50,natural,1296,-138.52020134045426
50,natural,1297,-138.5202125886523
50,natural,1298,-138.5202170447614
50,natural,1299,-138.52022218658436
50,natural,1300,-138.52023065876384
50,natural,1301,-138.52023871178352
50,natural,1302,-138.52023935168833
50,natural,1303,-138.5202407844436
50,natural,1304,-138.52024331429854
50,natural,1305,-138.52024835308632
50,natural,1306,-138.52024906195422
50,natural,1307,-138.5202572463425
50,natural,1308,-138.52026192886737
50,natural,1309,-138.52026678513297
50,natural,1310,-138.52028414394903
50,natural,1311,-138.5202862458133
50,natural,1312,-138.5202953089689
50,natural,1313,-138.52029543429444
50,natural,1314,-138.52030194331667
50,natural,1315,-138.52030655030586
50,natural,1316,-138.5203152789912
50,natural,1317,-138.52032840004074
50,natural,1318,-138.52033082971758
50,natural,1319,-138.52033244853533
50,natural,1320,-138.5203331564875
50,natural,1321,-138.52033589947544
50,natural,1322,-138.5203390497884
50,natural,1323,-138.52034041717943
50,natural,1324,-138.52034184217337
50,natural,1325,-138.52034491497275
50,natural,1326,-138.52035589724258
50,natural,1327,-138.520380996747
50,natural,1328,-138.5203813156583
50,natural,1329,-138.5203904032321
50,natural,1330,-138.52039368971367
50,natural,1331,-138.52039423768915
50,natural,1332,-138.5204084894529
50,natural,1333,-138.5204130958726
50,natural,1334,-138.52042906818272
50,natural,1335,-138.52043475601866
50,natural,1336,-138.52044063511428
50,natural,1337,-138.52044174564114
50,natural,1338,-138.5204444579682
50,natural,1339,-138.5204502357851
50,natural,1340,-138.52045167270225
50,natural,1341,-138.52045305419847
50,natural,1342,-138.52045341474334
99,split,0,2.285616134640649
99,split,1,-65.592316229837
99,split,2,-150.5992024817835
99,split,3,-217.3198919865611
99,split,4,-222.86534270393696
99,split,5,-227.81108036738127
99,split,6,-228.62966809763097
99,split,7,-230.34095230231148
99,split,8,-235.7582144000985
99,split,9,-239.64797988908055
99,split,10,-241.71356815806197
99,split,11,-242.05668840322414
99,split,12,-242.52603396055596
99,split,13,-242.68503933618277
99,split,14,-242.74744428290296
99,split,15,-242.94958405080578
99,split,16,-243.34103153600168
99,split,17,-243.4541547778265
99,split,18,-243.83722930113126
99,split,19,-243.87865381576577
99,split,20,-244.04321280098418
99,split,21,-244.83054900881422
99,split,22,-245.49927536251468
99,split,23,-245.74094709351183
99,split,24,-245.7896966961599
99,split,25,-245.97281474563397
99,split,26,-246.112942565737
99,split,27,-246.14129043914028
99,split,28,-246.1878514330428
99,split,29,-246.21235579785198
99,split,30,-246.23198472605202
99,split,31,-246.287959829961
99,split,32,-246.29934389564525
99,split,33,-246.3361453637923
99,split,34,-246.34927394069555
99,split,35,-246.39097910187377
99,split,36,-246.52336892017297
99,split,37,-246.58107883057752
99,split,38,-246.6581470514668
99,split,39,-246.67411093200317
99,split,40,-246.68912016627627
99,split,41,-246.6967512012806
99,split,42,-246.7106990442148
99,split,43,-246.71169242985377
99,split,44,-246.71190646267104
99,split,45,-246.71243847614556
99,split,46,-246.71493218563575
99,split,47,-246.7270127055569
99,split,48,-246.78105110837942
99,split,49,-246.80464679119896
99,split,50,-246.81631567171303
99,split,51,-246.81865796083514
99,split,52,-246.8199356647876
99,split,53,-246.82138468012414
99,split,54,-246.82285362290142
99,split,55,-246.8249466508417
99,split,56,-246.82545193430175
99,split,57,-246.82546173426238
99,split,58,-246.82546174370495
99,split,59,-246.82546174370538
99,natural,0,2.285616134640649
99,natural,1,-65.59231634972231
99,natural,2,-150.59919465922536
99,natural,3,-217.31988635529865
99,natural,4,-220.90596906535723
99,natural,5,-229.1283153601806
99,natural,6,-236.99392472225412
99,natural,7,-237.17293480214497
99,natural,8,-239.48907648317652
99,natural,9,-240.5568212363984
99,natural,10,-241.14828028466468
99,natural,11,-241.20920169779367
99,natural,12,-242.1845500368097
99,natural,13,-242.3330407379191
99,natural,14,-242.7113567786918
99,natural,15,-242.8050537675986
99,natural,16,-242.91055517500436
99,natural,17,-242.96969014675778
99,natural,18,-243.02897918619524
99,natural,19,-243.11525608141773
99,natural,20,-243.18433728986565
99,natural,21,-243.28931887349088
99,natural,22,-243.32416896481175
99,natural,23,-243.35373902507172
99,natural,24,-243.374209334809
99,natural,25,-243.39571189841976
99,natural,26,-243.3992067310243
99,natural,27,-243.4116107172945
99,natural,28,-243.41568277713978
99,natural,29,-243.41938812703424
99,natural,30,-243.42093737673542
99,natural,31,-243.42559752167213
99,natural,32,-243.4267760370904
99,natural,33,-243.42785113909082
99,natural,34,-243.4282346002811
99,natural,35,-243.429533371081
99,natural,36,-243.43005989419953
99,natural,37,-243.43081748680524
99,natural,38,-243.43310094214348
99,natural,39,-243.43312295429573
99,natural,40,-243.43498310709825
99,natural,41,-243.43502054348636
99,natural,42,-243.43730608958427
99,natural,43,-243.44035391655942
99,natural,44,-243.44076087653042
99,natural,45,-243.44269882256683
99,natural,46,-243.44366603688883
99,natural,47,-243.44438578964392
99,natural,48,-243.4445600968005
99,natural,49,-243.44497749085406
99,natural,50,-243.44502622095624
99,natural,51,-243.44525573449332
99,natural,52,-243.44540484566312
99,natural,53,-243.44583934377965
99,natural,54,-243.4462183443593
99,natural,55,-243.4463379490483
99,natural,56,-243.44662984143653
99,natural,57,-243.4468266474258
99,natural,58,-243.44694434356236
99,natural,59,-243.44696968914218
99,natural,60,-243.4469992826843
99,natural,61,-243.447005678502
99,natural,62,-243.44704421959722
99,natural,63,-243.44705711577802
99,natural,64,-243.44707231270206
99,natural,65,-243.447079329617
99,natural,66,-243.4470875633155
99,natural,67,-243.4470889737518
99,natural,68,-243.4470932239895
99,natural,69,-243.4470935298866
99,natural,70,-243.4471027611492
99,natural,71,-243.44711120138308
99,natural,72,-243.4471176045157
99,natural,73,-243.44712807333605
99,natural,74,-243.44714338403966
99,natural,75,-243.4471503475667
99,natural,76,-243.44715942608616
99,natural,77,-243.44717613915145
99,natural,78,-243.447178511908
99,natural,79,-243.4472043464791
99,natural,80,-243.4472100782865
99,natural,81,-243.44721709142732
99,natural,82,-243.4472214529371
99,natural,83,-243.44724806289446
99,natural,84,-243.44746870512267
99,natural,85,-243.44778807751578
99,natural,86,-243.44821948427204
99,natural,87,-243.44837470219375
99,natural,88,-243.44868465102132
99,natural,89,-243.44868788424048
99,natural,90,-243.44882006222784
99,natural,91,-243.44886956769332
99,natural,92,-243.44892640392197
99,natural,93,-243.44900192068988
99,natural,94,-243.44904759202893
99,natural,95,-243.44909272977333
99,natural,96,-243.44911622705024
99,natural,97,-243.44913857673706
99,natural,98,-243.44916834784772
99,natural,99,-243.44922612732293
99,natural,100,-243.44922811627885
99,natural,101,-243.44924792287233
99,natural,102,-243.4492490532781
99,natural,103,-243.4492680202081
99,natural,104,-243.44927228886286
99,natural,105,-243.44928254959615
99,natural,106,-243.44928955126016
99,natural,107,-243.4492898247783
99,natural,108,-243.4493136476079
99,natural,109,-243.44931876522386
99,natural,110,-243.4493322278037
99,natural,111,-243.4493338601796
99,natural,112,-243.44934138522103
99,natural,113,-243.44934261224932
99,natural,114,-243.44935373628962
99,natural,115,-243.44936592223013
99,natural,116,-243.44936857362964
99,natural,117,-243.44937426619748
99,natural,118,-243.44938521707218
99,natural,119,-243.44938800412046
99,natural,120,-243.4494082496218
99,natural,121,-243.44941066821127
99,natural,122,-243.4494158255872
99,natural,123,-243.4494199559306
99,natural,124,-243.44942616103472
99,natural,125,-243.44943922183583
99,natural,126,-243.44948555621426
99,natural,127,-243.44949154361962
99,natural,128,-243.44951336282955
99,natural,129,-243.44951374505354
99,natural,130,-243.44955385274852
99,natural,131,-243.44957325858422
99,natural,132,-243.44958286291623
99,natural,133,-243.44959143399836
99,natural,134,-243.4496096548651
99,natural,135,-243.4496328515463
99,natural,136,-243.44965044919164
99,natural,137,-243.44967080291656
99,natural,138,-243.44968418891116
99,natural,139,-243.44969196057576
99,natural,140,-243.4497031484553
99,natural,141,-243.449707329677
99,natural,142,-243.4497218583845
99,natural,143,-243.44973431022078
99,natural,144,-243.44974383276983
99,natural,145,-243.4497495576453
99,natural,146,-243.4497640474594
99,natural,147,-243.44978721312043
99,natural,148,-243.44980899968613
99,natural,149,-243.449818405447
99,natural,150,-243.44988833343197
99,natural,151,-243.44992684300456
99,natural,152,-243.44994656888417
99,natural,153,-243.4502053922373
99,natural,154,-243.45025129344143
99,natural,155,-243.45032188525954
99,natural,156,-243.45048546786668
99,natural,157,-243.4505488601092
99,natural,158,-243.45066813644297
99,natural,159,-243.45083978580828
99,natural,160,-243.45090501841142
99,natural,161,-243.4509414560536
99,natural,162,-243.4510153269739
99,natural,163,-243.45103062736834
99,natural,164,-243.4510537029686
99,natural,165,-243.4511259237072
99,natural,166,-243.45115549796355
99,natural,167,-243.45117269877673
99,natural,168,-243.4511759910342
99,natural,169,-243.45120797400864
99,natural,170,-243.45120987845715
99,natural,171,-243.45123358469823
99,natural,172,-243.45125988368213
99,natural,173,-243.45126784382344
99,natural,174,-243.45127363048968
99,natural,175,-243.4512783094009
99,natural,176,-243.4512803604542
99,natural,177,-243.4512880497978
99,natural,178,-243.45129523134176
99,natural,179,-243.45130068860715
99,natural,180,-243.45130510957836
99,natural,181,-243.4513077073432
99,natural,182,-243.45130863606445
99,natural,183,-243.45132259727728
99,natural,184,-243.45132934883293
99,natural,185,-243.45135873762723
99,natural,186,-243.45137502372367
99,natural,187,-243.45137973464443
99,natural,188,-243.45139508615307
99,natural,189,-243.4514135916527
99,natural,190,-243.45141656113884
99,natural,191,-243.45145177152676
99,natural,192,-243.45146321537504
99,natural,193,-243.4514805325516
99,natural,194,-243.4514874440376
99,natural,195,-243.45151441278344
99,natural,196,-243.45156129945687
99,natural,197,-243.45157813623695
99,natural,198,-243.4515975664348
99,natural,199,-243.45159879855154
99,natural,200,-243.45160984249458
99,natural,201,-243.4516241265643
99,natural,202,-243.45164467089873
99,natural,203,-243.45166914631776
99,natural,204,-243.45168187133402
99,natural,205,-243.45169276886037
99,natural,206,-243.45169734773847
99,natural,207,-243.45170679801683
99,natural,208,-243.4517368360006
99,natural,209,-243.45174215939335
99,natural,210,-243.4517689105599
99,natural,211,-243.45184825618625
99,natural,212,-243.45187875233756
99,natural,213,-243.45192486389027
99,natural,214,-243.45192904215162
99,natural,215,-243.45202841457515
99,natural,216,-243.45212683697935
99,natural,217,-243.45215445413882
99,natural,218,-243.45218255097345
99,natural,219,-243.4522021245619
99,natural,220,-243.45222159777146
99,natural,221,-243.45222478949384
99,natural,222,-243.4522806390077
99,natural,223,-243.4523202419582
99,natural,224,-243.45234362468287
99,natural,225,-243.45238624908086
99,natural,226,-243.45238920814438
99,natural,227,-243.45242358332843
99,natural,228,-243.45243368508216
99,natural,229,-243.45248914482931
99,natural,230,-243.45251854051153
99,natural,231,-243.4525223716176
99,natural,232,-243.45254688582523
99,natural,233,-243.45256137810497
99,natural,234,-243.45257519145542
99,natural,235,-243.45257615655373
99,natural,236,-243.45260303053746
99,natural,237,-243.4526285310045
99,natural,238,-243.45263617178176
99,natural,239,-243.45267438690408
99,natural,240,-243.45272080624878
99,natural,241,-243.45273320926904
99,natural,242,-243.45276125824918
99,natural,243,-243.452808368396
99,natural,244,-243.45285228376767
99,natural,245,-243.45289580138044
99,natural,246,-243.45292940658902
99,natural,247,-243.4529687384721
99,natural,248,-243.45298233113238
99,natural,249,-243.45300436439828
99,natural,250,-243.45300948553276
99,natural,251,-243.45301917323187
99,natural,252,-243.45302787303783
99,natural,253,-243.45304052577757
99,natural,254,-243.45305962181874
99,natural,255,-243.4530627969815
99,natural,256,-243.45307190114218
99,natural,257,-243.4530740680871
99,natural,258,-243.45308120869768
99,natural,259,-243.45308193600357
99,natural,260,-243.45308538367644
99,natural,261,-243.4530862966955
99,natural,262,-243.45308894788874
99,natural,263,-243.45309294916922
99,natural,264,-243.45311680403663
99,natural,265,-243.4531185980276
99,natural,266,-243.45313252328646
99,natural,267,-243.45314052528494
99,natural,268,-243.45314376876962
99,natural,269,-243.45319288396252
99,natural,270,-243.45320799251846
99,natural,271,-243.45323102458605
99,natural,272,-243.45328092959207
99,natural,273,-243.45328565256273
99,natural,274,-243.4533523967703
99,natural,275,-243.4533570893252
99,natural,276,-243.45338954019593
99,natural,277,-243.45342100772075
99,natural,278,-243.45343610560963
99,natural,279,-243.45344186835393
99,natural,280,-243.45344582376353
99,natural,281,-243.45347605733954
99,natural,282,-243.45354000427713
99,natural,283,-243.4535993604719
99,natural,284,-243.4536904994053
99,natural,285,-243.4537192427807
99,natural,286,-243.45375255174085
99,natural,287,-243.45376468391038
99,natural,288,-243.45378406411916
99,natural,289,-243.4538039896337
99,natural,290,-243.4538153121229
99,natural,291,-243.4538259939501
99,natural,292,-243.45384496502533
99,natural,293,-243.4538606054065
99,natural,294,-243.45387123791798
99,natural,295,-243.45389210508495
99,natural,296,-243.45389381865897
99,natural,297,-243.45393203229963
99,natural,298,-243.45395417937155
99,natural,299,-243.45397175594286
99,natural,300,-243.45399109619018
99,natural,301,-243.45401309980772
99,natural,302,-243.45403182309744
99,natural,303,-243.45406997992663
99,natural,304,-243.45408576599453
99,natural,305,-243.45409241202537
99,natural,306,-243.4540960227378
99,natural,307,-243.4541089333059
99,natural,308,-243.45411775841055
99,natural,309,-243.4541398548644
99,natural,310,-243.45418211549958
99,natural,311,-243.4541904034585
99,natural,312,-243.4542003920031
99,natural,313,-243.4542289819343
99,natural,314,-243.45424627770802
99,natural,315,-243.45426350927167
99,natural,316,-243.45427279088182
99,natural,317,-243.45428983655881
99,natural,318,-243.45429625981802
99,natural,319,-243.45430767448005
99,natural,320,-243.45431109126213
99,natural,321,-243.45431546585212
99,natural,322,-243.4543209261242
99,natural,323,-243.45432708422337
99,natural,324,-243.4543365650072
99,natural,325,-243.4543419939515
99,natural,326,-243.45434667967444
99,natural,327,-243.4543560387442
99,natural,328,-243.45444672706873
99,natural,329,-243.45484057156105
99,natural,330,-243.45486385798577
99,natural,331,-243.45510830475013
99,natural,332,-243.4552127564974
99,natural,333,-243.45537097307067
99,natural,334,-243.45538679693553
99,natural,335,-243.45545826866217
99,natural,336,-243.45546890365395
99,natural,337,-243.4555218812073
99,natural,338,-243.4555309764369
99,natural,339,-243.45555872474293
99,natural,340,-243.45556634449315
99,natural,341,-243.45557676603872
99,natural,342,-243.45558096038917
99,natural,343,-243.4556192852483
99,natural,344,-243.4556307465794
99,natural,345,-243.45564192141515
99,natural,346,-243.45565531557597
99,natural,347,-243.45567081258045
99,natural,348,-243.4556810346089
99,natural,349,-243.4557062060204
99,natural,350,-243.45573837036414
99,natural,351,-243.4557515259318
99,natural,352,-243.45577789220937
99,natural,353,-243.45578081415545
99,natural,354,-243.45582560398188
99,natural,355,-243.4558498487461
99,natural,356,-243.45586610688653
99,natural,357,-243.455877838364
99,natural,358,-243.4558980077568
99,natural,359,-243.45596041380117
99,natural,360,-243.4559725073778
99,natural,361,-243.45600090869354
99,natural,362,-243.45602518273392
99,natural,363,-243.45606957185163
99,natural,364,-243.4561230226727
99,natural,365,-243.4561537169828
99,natural,366,-243.45619679196767
99,natural,367,-243.45621025340563
99,natural,368,-243.4562315735028
99,natural,369,-243.4562681867293
99,natural,370,-243.45627953238093
99,natural,371,-243.4563169038379
99,natural,372,-243.45632377225078
99,natural,373,-243.45634193417675
99,natural,374,-243.456387484835
99,natural,375,-243.4563973960622
99,natural,376,-243.45646336456326
99,natural,377,-243.45646579490906
99,natural,378,-243.45648748316015
99,natural,379,-243.45650554894442
99,natural,380,-243.45652683265905
99,natural,381,-243.45653661258717
99,natural,382,-243.4565418297255
99,natural,383,-243.45655215628383
99,natural,384,-243.45656534831517
99,natural,385,-243.45658372586777
99,natural,386,-243.4566011106718
99,natural,387,-243.4566178797552
99,natural,388,-243.45664902617767
99,natural,389,-243.45665134876322
99,natural,390,-243.4566697109874
99,natural,391,-243.4567108951296
99,natural,392,-243.4567158247898
99,natural,393,-243.45676297913002
99,natural,394,-243.45679776175254
99,natural,395,-243.45681586669684
99,natural,396,-243.45685353609926
99,natural,397,-243.4568899386684
99,natural,398,-243.45694517007095
99,natural,399,-243.45697097766185
99,natural,400,-243.45699279799538
99,natural,401,-243.4570054272064
99,natural,402,-243.45702695690812
99,natural,403,-243.45703706857617
99,natural,404,-243.45704379375113
99,natural,405,-243.45706459839525
99,natural,406,-243.45706608370384
99,natural,407,-243.45706834596646
99,natural,408,-243.4570704925588
99,natural,409,-243.45707632408352
99,natural,410,-243.45707717143713
99,natural,411,-243.4570828353172
99,natural,412,-243.45708733157207
99,natural,413,-243.45709416252927
99,natural,414,-243.45710539101376
99,natural,415,-243.45712065771812
99,natural,416,-243.45712351268884
99,natural,417,-243.4571598784953
99,natural,418,-243.45718651760177
99,natural,419,-243.45722440021265
99,natural,420,-243.457327653403
99,natural,421,-243.45735937660538
99,natural,422,-243.45740135562724
99,natural,423,-243.45748933313382
99,natural,424,-243.4574909481465
99,natural,425,-243.45759499038513
99,natural,426,-243.45760450061113
99,natural,427,-243.45765273534684
99,natural,428,-243.4577078382225
99,natural,429,-243.45776882174113
99,natural,430,-243.45783269292122
99,natural,431,-243.45785402610898
99,natural,432,-243.4578915458184
99,natural,433,-243.4579215987341
99,natural,434,-243.4579358384098
99,natural,435,-243.45796418794768
99,natural,436,-243.45797217797465
99,natural,437,-243.45798249004042
99,natural,438,-243.45799024375935
99,natural,439,-243.45799266549747
99,natural,440,-243.45799739824977
99,natural,441,-243.45800158016513
99,natural,442,-243.45800463061835
99,natural,443,-243.45801251011636
99,natural,444,-243.45801269048508
99,natural,445,-243.45801701906137
99,natural,446,-243.4580240561803
99,natural,447,-243.45803135766525
99,natural,448,-243.4580408910041
99,natural,449,-243.45804356705676
99,natural,450,-243.45804734468882
99,natural,451,-243.45806818409383
99,natural,452,-243.45807273245393
99,natural,453,-243.45809202327766
99,natural,454,-243.458093799375
99,natural,455,-243.4581010996452
99,natural,456,-243.4581071734149
99,natural,457,-243.45811022773935
99,natural,458,-243.458113891221
99,natural,459,-243.4581222918006
99,natural,460,-243.45812587132846
99,natural,461,-243.45817245881156
99,natural,462,-243.45819790492902
99,natural,463,-243.45821512501874
99,natural,464,-243.45823757768477
99,natural,465,-243.45823830200504
99,natural,466,-243.45828497960724
99,natural,467,-243.45830580504114
99,natural,468,-243.45833456170914
99,natural,469,-243.45833919555844
99,natural,470,-243.45834895240844
99,natural,471,-243.458481703417
99,natural,472,-243.45848968031046
99,natural,473,-243.4585249708652
99,natural,474,-243.45864311685017
99,natural,475,-243.45865941603688
99,natural,476,-243.45871200886108
99,natural,477,-243.45873143294864
99,natural,478,-243.45876802362412
99,natural,479,-243.45878286898756
99,natural,480,-243.4587997032529
99,natural,481,-243.45880699018127
99,natural,482,-243.4588244162606
99,natural,483,-243.45883285498792
99,natural,484,-243.4588454451434
99,natural,485,-243.45886762614327
99,natural,486,-243.4588683442253
99,natural,487,-243.45888554992646
99,natural,488,-243.4588881963091
99,natural,489,-243.45889564108785
99,natural,490,-243.45891065870677
99,natural,491,-243.45892179297812
99,natural,492,-243.45893836648426
99,natural,493,-243.45894491753384
99,natural,494,-243.45900341095086
99,natural,495,-243.4590196333328
99,natural,496,-243.45912833205833
99,natural,497,-243.45949310278817
99,natural,498,-243.45965167402602
99,natural,499,-243.46018952510076
99,natural,500,-243.46061265546075
99,natural,501,-243.46191211117994
99,natural,502,-243.46321556506527
99,natural,503,-243.46421202537562
99,natural,504,-243.46482712926462
99,natural,505,-243.46484930737753
99,natural,506,-243.4655171743946
99,natural,507,-243.46710127391975
99,natural,508,-243.46809381535857
99,natural,509,-243.46849220319334
99,natural,510,-243.46939060222562
99,natural,511,-243.4708839245584
99,natural,512,-243.47250907961813
99,natural,513,-243.47268966557294
99,natural,514,-243.47366083431746
99,natural,515,-243.4746458327818
99,natural,516,-243.47683467012484
99,natural,517,-243.47798224084002
99,natural,518,-243.47950307915778
99,natural,519,-243.48091100644714
99,natural,520,-243.4814902105465
99,natural,521,-243.48210569725987
99,natural,522,-243.4829717106884
99,natural,523,-243.4839765422895
99,natural,524,-243.48497117066952
99,natural,525,-243.48577792617002
99,natural,526,-243.48694262755038
99,natural,527,-243.48721754513227
99,natural,528,-243.48756059594447
99,natural,529,-243.48759308974334
99,natural,530,-243.4881646135211
99,natural,531,-243.48880967352613
99,natural,532,-243.48906742370085
99,natural,533,-243.48967287477595
99,natural,534,-243.49152096614534
99,natural,535,-243.49446768377834
99,natural,536,-243.49529342119772
99,natural,537,-243.4963479971773
99,natural,538,-243.49693630498922
99,natural,539,-243.4970244001577
99,natural,540,-243.49716895377705
99,natural,541,-243.4990736254665
99,natural,542,-243.49945606537648
99,natural,543,-243.50023340355543
99,natural,544,-243.50050898471244
99,natural,545,-243.5032981268045
99,natural,546,-243.5044612710453
99,natural,547,-243.50492899507054
99,natural,548,-243.5061129363692
99,natural,549,-243.5065891199707
99,natural,550,-243.50692649994645
99,natural,551,-243.50694142874613
99,natural,552,-243.5072517035793
99,natural,553,-243.50726557814772
99,natural,554,-243.50744853329303
99,natural,555,-243.50751570998858
99,natural,556,-243.50762289935443
99,natural,557,-243.5077967549724
99,natural,558,-243.50784638435945
99,natural,559,-243.50798568907481
99,natural,560,-243.50800328688882
99,natural,561,-243.50811043601414
99,natural,562,-243.50814131200144
99,natural,563,-243.50818028771505
99,natural,564,-243.5082080764485
99,natural,565,-243.50822928138834
99,natural,566,-243.50823869756098
99,natural,567,-243.50824683116002
99,natural,568,-243.50824815750585
99,natural,569,-243.5082578056402
99,natural,570,-243.50826384683506
99,natural,571,-243.50826625343666
99,natural,572,-243.50827257247715
99,natural,573,-243.5082815662407
99,natural,574,-243.508289843749
99,natural,575,-243.50833228143642
99,natural,576,-243.50849536537018
99,natural,577,-243.5085201883143
99,natural,578,-243.50859017069203
99,natural,579,-243.508591042411
99,natural,580,-243.50861940754365
99,natural,581,-243.50862411267923
99,natural,582,-243.50864136928666
99,natural,583,-243.50864320977988
99,natural,584,-243.50865417360617
99,natural,585,-243.508661576041
99,natural,586,-243.50868169563606
99,natural,587,-243.50869220894737
99,natural,588,-243.50869429357982
99,natural,589,-243.50870644647813
99,natural,590,-243.50872339902867
99,natural,591,-243.50873763942204
99,natural,592,-243.50875595458072
99,natural,593,-243.5087590066729
99,natural,594,-243.50877697586222
99,natural,595,-243.50878058024034
99,natural,596,-243.50878877673105
99,natural,597,-243.5087912203647
99,natural,598,-243.50879511453974
99,natural,599,-243.50879950508877
99,natural,600,-243.50880578138865
99,natural,601,-243.50881058641636
99,natural,602,-243.50883274084606
99,natural,603,-243.50883539399302
99,natural,604,-243.50884111032246
99,natural,605,-243.50884187287502
99,natural,606,-243.50885838136736
99,natural,607,-243.50886235386494
99,natural,608,-243.50888671143434
99,natural,609,-243.50892116003152
99,natural,610,-243.5089347978537
99,natural,611,-243.5089778396963
99,natural,612,-243.5090368146105
99,natural,613,-243.50904420457374
99,natural,614,-243.5090723398154
99,natural,615,-243.50907377488394
99,natural,616,-243.50909444636295
99,natural,617,-243.50910141991668
99,natural,618,-243.50912540679357
99,natural,619,-243.5091582356492
99,natural,620,-243.5091892986665
99,natural,621,-243.5092087228965
99,natural,622,-243.50921661310613
99,natural,623,-243.50922651943554
99,natural,624,-243.50923245295462
99,natural,625,-243.50924063546148
99,natural,626,-243.50924531604738
99,natural,627,-243.50925282874903
99,natural,628,-243.50926373970384
99,natural,629,-243.50926465547033
99,natural,630,-243.50927066818022
99,natural,631,-243.50928544837936
99,natural,632,-243.50928718179964
99,natural,633,-243.50930160149628
99,natural,634,-243.50931369167606
99,natural,635,-243.50932058087128
99,natural,636,-243.509322312101
99,natural,637,-243.5093268679009
99,natural,638,-243.5093328885217
99,natural,639,-243.50933518385713
99,natural,640,-243.50934167403923
99,natural,641,-243.50935315949584
99,natural,642,-243.5093568142682
99,natural,643,-243.50936102394502
99,natural,644,-243.5093714814361
99,natural,645,-243.50938169673213
99,natural,646,-243.50938407839405
99,natural,647,-243.50938962166074
99,natural,648,-243.5093926109296
99,natural,649,-243.50939667004053
99,natural,650,-243.50939938289162
99,natural,651,-243.5094006139875
99,natural,652,-243.50940312553834
99,natural,653,-243.5094049044198
99,natural,654,-243.50940776905279
99,natural,655,-243.509409897082
99,natural,656,-243.5094135145232
99,natural,657,-243.50941767489013
99,natural,658,-243.50943212432222
99,natural,659,-243.509432748177
99,natural,660,-243.50943820911328
99,natural,661,-243.50945133212085
99,natural,662,-243.50945892695933
99,natural,663,-243.50946312858832
99,natural,664,-243.50946955146486
99,natural,665,-243.50947182832923
99,natural,666,-243.5094743918122
99,natural,667,-243.50948078802838
99,natural,668,-243.50948329855603
99,natural,669,-243.50948946509376
99,natural,670,-243.50949236082704
99,natural,671,-243.50949453114043
99,natural,672,-243.5094946106799
99,natural,673,-243.50949630958272
99,natural,674,-243.5095019995327
99,natural,675,-243.5095103526477
99,natural,676,-243.509512346761
99,natural,677,-243.50952779421056
99,natural,678,-243.50953324440198
99,natural,679,-243.50954562177498
99,natural,680,-243.50954744000148
99,natural,681,-243.50955327678528
99,natural,682,-243.50955847396528
99,natural,683,-243.50956259287287
99,natural,684,-243.50957227513365
99,natural,685,-243.50957661571798
99,natural,686,-243.50958364470807
99,natural,687,-243.50958542575162
99,natural,688,-243.509588832563
99,natural,689,-243.50959014232825
99,natural,690,-243.50959566769427
99,natural,691,-243.5096042508477
99,natural,692,-243.50961315665626
99,natural,693,-243.50961723074727
99,natural,694,-243.5096332134167
99,natural,695,-243.50963720451898
99,natural,696,-243.50964119671323
99,natural,697,-243.5096443218895
99,natural,698,-243.509649211948
99,natural,699,-243.5096496881903
99,natural,700,-243.5096557194504
99,natural,701,-243.50966283430301
99,natural,702,-243.50967847985692
99,natural,703,-243.50968786348213
99,natural,704,-243.5096970771124
99,natural,705,-243.50970456232946
99,natural,706,-243.50971735434064
99,natural,707,-243.5097255067093
99,natural,708,-243.5097298977793
99,natural,709,-243.5097330197626
99,natural,710,-243.5097357022454
99,natural,711,-243.5097382302126
99,natural,712,-243.50974008367675
99,natural,713,-243.5097481511931
99,natural,714,-243.50975113726133
99,natural,715,-243.50975894748177
99,natural,716,-243.50976072702994
99,natural,717,-243.50976559790186
99,natural,718,-243.5097791863587
99,natural,719,-243.50978293112442
99,natural,720,-243.509795136372
99,natural,721,-243.50982387983277
99,natural,722,-243.50982865471576
99,natural,723,-243.50985112982903
99,natural,724,-243.50990825642114
99,natural,725,-243.50991761273158
99,natural,726,-243.5100025268046
99,natural,727,-243.5101507298964
99,natural,728,-243.51015359913336
99,natural,729,-243.5102493850667
99,natural,730,-243.51030500925424
99,natural,731,-243.51035298112754
99,natural,732,-243.51037241831332
99,natural,733,-243.51040095261678
99,natural,734,-243.5104144956858
99,natural,735,-243.51043684869109
99,natural,736,-243.51044950275363
99,natural,737,-243.5104808441965
99,natural,738,-243.51050891021745
99,natural,739,-243.51052273706216
99,natural,740,-243.51054738002563
99,natural,741,-243.51055640832251
99,natural,742,-243.51057498202525
99,natural,743,-243.51060830692447
99,natural,744,-243.51062188899292
99,natural,745,-243.51065180249608
99,natural,746,-243.51065791706924
99,natural,747,-243.51066211778434
99,natural,748,-243.51066387238248
99,natural,749,-243.51066838273988
99,natural,750,-243.51066876669637
99,natural,751,-243.5106722109018
99,natural,752,-243.51068070131498
99,natural,753,-243.5106823321177
99,natural,754,-243.51068615701752
99,natural,755,-243.510690083695
99,natural,756,-243.51069300173003
99,natural,757,-243.51069789569124
99,natural,758,-243.510707163196
99,natural,759,-243.51076951971046
99,natural,760,-243.51121184750644
99,natural,761,-243.51122308911079
99,natural,762,-243.5118304700941
99,natural,763,-243.51183139899254
99,natural,764,-243.51183298066996
99,natural,765,-243.51188053999962
99,natural,766,-243.51189743861764
99,natural,767,-243.511922084467
99,natural,768,-243.51193672947537
99,natural,769,-243.51195522262955
99,natural,770,-243.51196208949662
99,natural,771,-243.5119686754061
99,natural,772,-243.5119731531099
99,natural,773,-243.5119784382828
99,natural,774,-243.51198205356064
99,natural,775,-243.51199250569712
99,natural,776,-243.51200560053437
99,natural,777,-243.51201073142352
99,natural,778,-243.5120222732123
99,natural,779,-243.5120638757626
99,natural,780,-243.5120843949689
99,natural,781,-243.51209682120265
99,natural,782,-243.51212841095747
99,natural,783,-243.51213101307138
99,natural,784,-243.51214222417946
99,natural,785,-243.51215500002797
99,natural,786,-243.51216457096154
99,natural,787,-243.51217453951503
99,natural,788,-243.51218009707426
99,natural,789,-243.51219494615873
99,natural,790,-243.5121971159747
99,natural,791,-243.51221858142404
99,natural,792,-243.51221982248592
99,natural,793,-243.5122267037918
99,natural,794,-243.5122273619787
99,natural,795,-243.51223179496708
99,natural,796,-243.51223458578352
99,natural,797,-243.5122392953851
99,natural,798,-243.51224473111836
99,natural,799,-243.5122459127882
99,natural,800,-243.51225065123026
99,natural,801,-243.51225635875136
99,natural,802,-243.5122587789963
99,natural,803,-243.51226871992196
99,natural,804,-243.5122707111171
99,natural,805,-243.5122773189047
99,natural,806,-243.51227862199573
99,natural,807,-243.51228239266837
99,natural,808,-243.51228571209884
99,natural,809,-243.51229231140292
99,natural,810,-243.51229945023474
99,natural,811,-243.51230862015302
99,natural,812,-243.5123133853653
99,natural,813,-243.51232641847582
99,natural,814,-243.51232900393654
99,natural,815,-243.51233852959015
99,natural,816,-243.51234318269124
99,natural,817,-243.5123490226787
99,natural,818,-243.5123552684651
99,natural,819,-243.51235794006539
99,natural,820,-243.51238503251236
99,natural,821,-243.512425990341
99,natural,822,-243.51242791437784
99,natural,823,-243.51244986659546
99,natural,824,-243.51245743588566
99,natural,825,-243.51247053470013
99,natural,826,-243.51247477636434
99,natural,827,-243.51248106166938
99,natural,828,-243.5124834673747
99,natural,829,-243.51248832135317
99,natural,830,-243.51249041279365
99,natural,831,-243.51249261595828
99,natural,832,-243.5124965541662
99,natural,833,-243.51250237458
99,natural,834,-243.51251034615728
99,natural,835,-243.51252936326372
99,natural,836,-243.51253379439805
99,natural,837,-243.5125450674479
99,natural,838,-243.51261717116705
99,natural,839,-243.51264105089754
99,natural,840,-243.51265902300017
99,natural,841,-243.51267447226869
99,natural,842,-243.51268758333023
99,natural,843,-243.5127010978751
99,natural,844,-243.51270935245236
99,natural,845,-243.51271526394768
99,natural,846,-243.512725378926
99,natural,847,-243.51275032552576
99,natural,848,-243.512755085454
99,natural,849,-243.51276854733624
99,natural,850,-243.5127746136784
99,natural,851,-243.51277681123258
99,natural,852,-243.51278018660358
99,natural,853,-243.51278213798952
99,natural,854,-243.51278328888833
99,natural,855,-243.5127845972893
99,natural,856,-243.51279227166054
99,natural,857,-243.51279421885886
99,natural,858,-243.5127960048808
99,natural,859,-243.51280028303717
99,natural,860,-243.51280114411887
99,natural,861,-243.51280985186293
99,natural,862,-243.51281618219818
99,natural,863,-243.51282696517688
99,natural,864,-243.512838833126
99,natural,865,-243.5129084876613
99,natural,866,-243.5129386312788
99,natural,867,-243.5129667714415
99,natural,868,-243.51296688445302
99,natural,869,-243.51300032267233
99,natural,870,-243.51300256637097
99,natural,871,-243.51301192245313
99,natural,872,-243.51303264660004
99,natural,873,-243.51303889520636
99,natural,874,-243.51306604230314
99,natural,875,-243.51307499829102
99,natural,876,-243.51308398683196
99,natural,877,-243.5130849386748
99,natural,878,-243.5131209315973
99,natural,879,-243.51313279429687
99,natural,880,-243.51314055166648
99,natural,881,-243.51315255314162
99,natural,882,-243.51315479074398
99,natural,883,-243.51316583082402
99,natural,884,-243.51316853628717
99,natural,885,-243.51317442037904
99,natural,886,-243.51317760388432
99,natural,887,-243.51317951709413
99,natural,888,-243.51317998304359
99,natural,889,-243.51318237208838
99,natural,890,-243.5131894983392
99,natural,891,-243.51319152083542
99,natural,892,-243.51319234014542
99,natural,893,-243.51320471316018
99,natural,894,-243.51320576796982
99,natural,895,-243.51321355763318
99,natural,896,-243.51321397599642
99,natural,897,-243.51321773984674
99,natural,898,-243.51321897393314
99,natural,899,-243.51322311326123
99,natural,900,-243.51322593776717
99,natural,901,-243.51322885212284
99,natural,902,-243.51323142238587
99,natural,903,-243.5132340488008
99,natural,904,-243.51323677725577
99,natural,905,-243.51323765486197
99,natural,906,-243.5132385712454
99,natural,907,-243.51325043143905
99,natural,908,-243.51326166950835
99,natural,909,-243.5133247540025
99,natural,910,-243.51332925097446
99,natural,911,-243.51339839078128
99,natural,912,-243.51344073193923
99,natural,913,-243.51350209480208
99,natural,914,-243.51368137330087
99,natural,915,-243.51380187870618
99,natural,916,-243.51387648149364
99,natural,917,-243.51388354995882
99,natural,918,-243.51392277228982
99,natural,919,-243.51392806489707
99,natural,920,-243.51395365021642
99,natural,921,-243.51400135522974
99,natural,922,-243.51400900063308
99,natural,923,-243.5140543788051
99,natural,924,-243.51407519672335
99,natural,925,-243.5141029699645
99,natural,926,-243.5141082978446
99,natural,927,-243.5141229269172
99,natural,928,-243.51412942168457
99,natural,929,-243.5141338461991
99,natural,930,-243.51414131561083
99,natural,931,-243.51414477544273
99,natural,932,-243.51414672977774
99,natural,933,-243.51414748256738
99,natural,934,-243.5141482130144
99,natural,935,-243.5141538696572
99,natural,936,-243.51415910430805
99,natural,937,-243.51417199389573
99,natural,938,-243.5141737107039
99,natural,939,-243.5141856130319
99,natural,940,-243.51418813593233
99,natural,941,-243.51419265929147
99,natural,942,-243.51419551983145
99,natural,943,-243.51419859454518
99,natural,944,-243.51419967287623
99,natural,945,-243.51420020330391
99,natural,946,-243.514207727839
99,natural,947,-243.51421006321172
99,natural,948,-243.5142117914146
99,natural,949,-243.5142139592256
99,natural,950,-243.5142158132731
99,natural,951,-243.51421615484384
99,natural,952,-243.51422237794355
99,natural,953,-243.51422743337392
99,natural,954,-243.51423485515664
99,natural,955,-243.5142426368646
99,natural,956,-243.51424673917492
99,natural,957,-243.51424998964185
99,natural,958,-243.51425506908444
99,natural,959,-243.5142559954644
99,natural,960,-243.51425789342196
99,natural,961,-243.51426120113032
99,natural,962,-243.51426274819272
99,natural,963,-243.5142705622791
99,natural,964,-243.5142735354664
99,natural,965,-243.51427469192143
99,natural,966,-243.51428697401388
99,natural,967,-243.5143051928302
99,natural,968,-243.51433687674046
99,natural,969,-243.51434673041805
99,natural,970,-243.51435538433287
99,natural,971,-243.51437273135622
99,natural,972,-243.51441341452187
99,natural,973,-243.51442259681684
99,natural,974,-243.51442523712694
99,natural,975,-243.5144314536328
99,natural,976,-243.5144436676242
99,natural,977,-243.5144567585245
99,natural,978,-243.5144647244781
99,natural,979,-243.51446900924913
99,natural,980,-243.5144709156663
99,natural,981,-243.51447411218047
99,natural,982,-243.5144764179639
99,natural,983,-243.51447814260067
99,natural,984,-243.51447982701148
99,natural,985,-243.51448176048802
99,natural,986,-243.51448248516363
99,natural,987,-243.5144852451501
99,natural,988,-243.51449070241068
99,natural,989,-243.5144940497023
99,natural,990,-243.5144972546047
99,natural,991,-243.5145250956249
99,natural,992,-243.51452690016717
99,natural,993,-243.51455379538908
99,natural,994,-243.51455959026998
99,natural,995,-243.51456760762122
99,natural,996,-243.51457285067218
99,natural,997,-243.514577832036
99,natural,998,-243.5145999234922
99,natural,999,-243.51460516914304
99,natural,1000,-243.51461915176935
99,natural,1001,-243.51462069682367
99,natural,1002,-243.5146317602505
99,natural,1003,-243.51463311879724
99,natural,1004,-243.51463607502984
99,natural,1005,-243.51463809318054
99,natural,1006,-243.51464736093732
99,natural,1007,-243.5146512094028
99,natural,1008,-243.51465262864764
99,natural,1009,-243.51465541829188
99,natural,1010,-243.5146556827078
99,natural,1011,-243.51465909060582
99,natural,1012,-243.51466072348282
99,natural,1013,-243.5146613724656
99,natural,1014,-243.51466388958818
99,natural,1015,-243.51466746506483
99,natural,1016,-243.51467227690105
99,natural,1017,-243.51468251659827
99,natural,1018,-243.51468553778923
99,natural,1019,-243.51468884695083
99,natural,1020,-243.51469556358128
99,natural,1021,-243.5147119041627
99,natural,1022,-243.51472152481404
99,natural,1023,-243.5147351475023
99,natural,1024,-243.5147437705375
99,natural,1025,-243.51474704450325
99,natural,1026,-243.5147504385146
99,natural,1027,-243.5147599598397
99,natural,1028,-243.51476125190214
99,natural,1029,-243.51476547380872
99,natural,1030,-243.51477006235504
99,natural,1031,-243.5147757551052
99,natural,1032,-243.51477774331218
99,natural,1033,-243.51478297385617
99,natural,1034,-243.5147899320848
99,natural,1035,-243.51479237140103
99,natural,1036,-243.51479823620699
99,natural,1037,-243.51480116694367
99,natural,1038,-243.51480900163307
99,natural,1039,-243.51481472838148
99,natural,1040,-243.51481699943704
99,natural,1041,-243.51482652062654
99,natural,1042,-243.5148300415719
99,natural,1043,-243.51483249733622
99,natural,1044,-243.51483432390583
99,natural,1045,-243.51483714846634
99,natural,1046,-243.5148373690991
99,natural,1047,-243.5148375821225
99,natural,1048,-243.51484361322463
99,natural,1049,-243.51484882874254
99,natural,1050,-243.51485052434478
99,natural,1051,-243.51485447794158
99,natural,1052,-243.5148553289602
99,natural,1053,-243.5148600731248
99,natural,1054,-243.5148606626316
99,natural,1055,-243.5148643863976
99,natural,1056,-243.51486811952125
99,natural,1057,-243.5148686724358
99,natural,1058,-243.51486965269666
99,natural,1059,-243.51487330769132
99,natural,1060,-243.51487484301776
99,natural,1061,-243.51487594283793
99,natural,1062,-243.51487998405935
99,natural,1063,-243.51488313414984
99,natural,1064,-243.5148859490779
99,natural,1065,-243.51488785458076
99,natural,1066,-243.51489007730018
99,natural,1067,-243.51489345571406
99,natural,1068,-243.51489383048983
99,natural,1069,-243.51489965831126
99,natural,1070,-243.51490253359967
99,natural,1071,-243.51490290486643
99,natural,1072,-243.51490534072985
99,natural,1073,-243.51490893011302
99,natural,1074,-243.51491166281136
99,natural,1075,-243.51491528853182
99,natural,1076,-243.5149164291381
99,natural,1077,-243.51491974276496
99,natural,1078,-243.51492447030066
99,natural,1079,-243.51492668363494
99,natural,1080,-243.51492730887674
99,natural,1081,-243.51496281307058
99,natural,1082,-243.51496897152583
99,natural,1083,-243.5149941390191
99,natural,1084,-243.5150066781646
99,natural,1085,-243.51501723625773
99,natural,1086,-243.51507910498324
99,natural,1087,-243.5150851490467
99,natural,1088,-243.5151087093415
99,natural,1089,-243.51511496458926
99,natural,1090,-243.51513154261409
99,natural,1091,-243.51513379814392
99,natural,1092,-243.51513847184185
99,natural,1093,-243.5151405069927
99,natural,1094,-243.51514221803566
99,natural,1095,-243.51515489917165
99,natural,1096,-243.51517651549673
99,natural,1097,-243.51519899699247
99,natural,1098,-243.51522158682076
99,natural,1099,-243.51522335039965
99,natural,1100,-243.51524158863916
99,natural,1101,-243.51524640616788
99,natural,1102,-243.51525351591184
99,natural,1103,-243.51525675308807
99,natural,1104,-243.51526321823187
99,natural,1105,-243.51526535939135
99,natural,1106,-243.51526818855348
99,natural,1107,-243.5152856456903
99,natural,1108,-243.51528918890048
99,natural,1109,-243.5152976592455
99,natural,1110,-243.51531344364557
99,natural,1111,-243.5153161968331
99,natural,1112,-243.51532772963694
99,natural,1113,-243.5153278963502
99,natural,1114,-243.51534264228633
99,natural,1115,-243.51534311110657
99,natural,1116,-243.51534691792588
99,natural,1117,-243.51535085472003
99,natural,1118,-243.51535573078576
99,natural,1119,-243.51536067912573
99,natural,1120,-243.51536153640438
99,natural,1121,-243.5153657109511
99,natural,1122,-243.5153667797441
99,natural,1123,-243.51536988086485
99,natural,1124,-243.51537361519092
99,natural,1125,-243.51537445907437
99,natural,1126,-243.51537461010554
99,natural,1127,-243.5153753552212
99,natural,1128,-243.51537996944435
99,natural,1129,-243.51538044112394
99,natural,1130,-243.51538742551497
99,natural,1131,-243.51539325047705
99,natural,1132,-243.51539531713664
99,natural,1133,-243.51539966132555
99,natural,1134,-243.5154019900993
99,natural,1135,-243.51540402450135
99,natural,1136,-243.51540767153804
99,natural,1137,-243.51540917911967
99,natural,1138,-243.51541140349357
99,natural,1139,-243.5154137288671
99,natural,1140,-243.515416459143
99,natural,1141,-243.51541799242077
99,natural,1142,-243.51542133067025
99,natural,1143,-243.5154325235532
99,natural,1144,-243.5154511580159
99,natural,1145,-243.5154592729189
99,natural,1146,-243.51546489017042
99,natural,1147,-243.51547120643826
99,natural,1148,-243.51547404806252
99,natural,1149,-243.51547600152315
99,natural,1150,-243.5154793573871
99,natural,1151,-243.51548080687164
99,natural,1152,-243.51548442636525
99,natural,1153,-243.51548613862855
99,natural,1154,-243.5154867860796
99,natural,1155,-243.51548966341022
99,natural,1156,-243.5154910068337
99,natural,1157,-243.51549223439153
99,natural,1158,-243.51549487352838
99,natural,1159,-243.51549649114654
99,natural,1160,-243.5154991414252
99,natural,1161,-243.51550073487826
99,natural,1162,-243.5155030921188
99,natural,1163,-243.5155055444383
99,natural,1164,-243.5155072548079
99,natural,1165,-243.51550932336846
99,natural,1166,-243.5155099950377
99,natural,1167,-243.5155142407463
99,natural,1168,-243.51551738007052
99,natural,1169,-243.51551803046868
99,natural,1170,-243.5155255228787
99,natural,1171,-243.5155282850074
99,natural,1172,-243.5155330301727
99,natural,1173,-243.51553474727825
99,natural,1174,-243.51553999751553
99,natural,1175,-243.5155505760474
99,natural,1176,-243.51555123244094
99,natural,1177,-243.51555166830775
99,natural,1178,-243.51555515147882
99,natural,1179,-243.51555960386077
99,natural,1180,-243.51555987125198
99,natural,1181,-243.5155613981877
99,natural,1182,-243.5155732115725
99,natural,1183,-243.51557542590675
99,natural,1184,-243.51557739402747
99,natural,1185,-243.51558308042146
99,natural,1186,-243.51558697674932
99,natural,1187,-243.51559310901186
99,natural,1188,-243.51559600877496
99,natural,1189,-243.51560064554639
99,natural,1190,-243.5156052242489
99,natural,1191,-243.51560731275967
99,natural,1192,-243.5156128926974
99,natural,1193,-243.51561659604408
99,natural,1194,-243.51562623517273
99,natural,1195,-243.51564091437348
99,natural,1196,-243.5156799542787
99,natural,1197,-243.51568612999316
99,natural,1198,-243.51573865515536
99,natural,1199,-243.51574543338467
99,natural,1200,-243.515766667175
99,natural,1201,-243.51577619164513
99,natural,1202,-243.51579123817706
99,natural,1203,-243.51579544419315
99,natural,1204,-243.51580439581497
99,natural,1205,-243.515806177622
99,natural,1206,-243.51581295360248
99,natural,1207,-243.51581423638373
99,natural,1208,-243.51582162643697
99,natural,1209,-243.51582819319907
99,natural,1210,-243.51584240396727
99,natural,1211,-243.51585411139925
99,natural,1212,-243.51587216224462
99,natural,1213,-243.51588155188554
99,natural,1214,-243.51589213994544
99,natural,1215,-243.51589882579924
99,natural,1216,-243.51590477581468
99,natural,1217,-243.51590523254015
99,natural,1218,-243.51590980429378
99,natural,1219,-243.51591357137812
99,natural,1220,-243.5159183806808
99,natural,1221,-243.51592908963647
99,natural,1222,-243.5159305381294
99,natural,1223,-243.51593453510435
99,natural,1224,-243.51593503819498
99,natural,1225,-243.51593893208815
99,natural,1226,-243.51594064569306
99,natural,1227,-243.5159412705495
99,natural,1228,-243.51594395308416
99,natural,1229,-243.51594477138892
99,natural,1230,-243.515948132452
99,natural,1231,-243.5159490186013
99,natural,1232,-243.51595050757928
99,natural,1233,-243.51596070152996
99,natural,1234,-243.51596655214533
99,natural,1235,-243.51597238245427
99,natural,1236,-243.5159751281164
99,natural,1237,-243.51597585137284
99,natural,1238,-243.51597879381197
99,natural,1239,-243.5159796409448
99,natural,1240,-243.5159850853184
99,natural,1241,-243.51598607797266
99,natural,1242,-243.51598638535776
99,natural,1243,-243.51599006877038
99,natural,1244,-243.51599844942436
99,natural,1245,-243.5160062071176
99,natural,1246,-243.51600685656567
99,natural,1247,-243.51600927508574
99,natural,1248,-243.5160127718214
99,natural,1249,-243.5160169510408
99,natural,1250,-243.51602088176227
99,natural,1251,-243.51602180325523
99,natural,1252,-243.516028648849
99,natural,1253,-243.5160296616121
99,natural,1254,-243.5160338264185
99,natural,1255,-243.5160441728198
99,natural,1256,-243.51605215912224
99,natural,1257,-243.51605849051268
99,natural,1258,-243.51607175562623
99,natural,1259,-243.51607765546154
99,natural,1260,-243.5160824300137
99,natural,1261,-243.51608365648252
99,natural,1262,-243.5160901984839
99,natural,1263,-243.51609262332815
99,natural,1264,-243.5160955707512
99,natural,1265,-243.516096454125
99,natural,1266,-243.51609956325115
99,natural,1267,-243.51610225125452
99,natural,1268,-243.5161124052135
99,natural,1269,-243.51611375574987
99,natural,1270,-243.5161225649812
99,natural,1271,-243.51612336014128
99,natural,1272,-243.51614009511837
99,natural,1273,-243.51614919206085
99,natural,1274,-243.51617410398686
99,natural,1275,-243.51618688277136
99,natural,1276,-243.51618928030564
99,natural,1277,-243.51620387163973
99,natural,1278,-243.5162292364476
99,natural,1279,-243.51622997563248
99,natural,1280,-243.51623345304608
99,natural,1281,-243.51623592330978
99,natural,1282,-243.51624550669817
99,natural,1283,-243.51624788228222
99,natural,1284,-243.51625431181657
99,natural,1285,-243.51625464980972
99,natural,1286,-243.5162593126693
99,natural,1287,-243.51627365450938
99,natural,1288,-243.51628053848853
99,natural,1289,-243.5162892623013
99,natural,1290,-243.5162898862426
99,natural,1291,-243.5162964611114
99,natural,1292,-243.51629785635492
99,natural,1293,-243.51630126057887
99,natural,1294,-243.51630811947607
99,natural,1295,-243.51631464037146
99,natural,1296,-243.51631728368054
99,natural,1297,-243.51632554946204
99,natural,1298,-243.51632636252313
99,natural,1299,-243.51633759597735
99,natural,1300,-243.5163397239239
99,natural,1301,-243.51634704164195
99,natural,1302,-243.5163480892376
99,natural,1303,-243.51635153145574
99,natural,1304,-243.5163530245801
99,natural,1305,-243.51635449333236
99,natural,1306,-243.51635660061194
99,natural,1307,-243.5163630830283
99,natural,1308,-243.5163687026272
99,natural,1309,-243.51638798652166
99,natural,1310,-243.5163909714356
99,natural,1311,-243.5163952389379
99,natural,1312,-243.51643181012346
99,natural,1313,-243.51644259119197
99,natural,1314,-243.51645678258433
99,natural,1315,-243.51645942353676
99,natural,1316,-243.5164743423719
99,natural,1317,-243.51647493371104
99,natural,1318,-243.51648081005254
99,natural,1319,-243.51649104885698
99,natural,1320,-243.51649740935272
99,natural,1321,-243.51651016298317
99,natural,1322,-243.5165156298646
99,natural,1323,-243.51652571978477
99,natural,1324,-243.51652795677927
99,natural,1325,-243.5165305145409
99,natural,1326,-243.51653455584716
99,natural,1327,-243.51653458038876
99,natural,1328,-243.51654191378265
99,natural,1329,-243.51654437282167
99,natural,1330,-243.51654773256593
99,natural,1331,-243.516548568655
99,natural,1332,-243.51655198480282
99,natural,1333,-243.51655388522366
99,natural,1334,-243.51655492970946
99,natural,1335,-243.51656062778548
99,natural,1336,-243.51656310012856
99,natural,1337,-243.5165665204589
99,natural,1338,-243.51656695173503
99,natural,1339,-243.5165690705047
99,natural,1340,-243.51656974451123
99,natural,1341,-243.5165722563318
99,natural,1342,-243.51657839229813
99,natural,1343,-243.51658147711836
99,natural,1344,-243.51658573529176
99,natural,1345,-243.51659639877204
99,natural,1346,-243.51659966618263
99,natural,1347,-243.5166060073439
99,natural,1348,-243.5166088701211
99,natural,1349,-243.51661058303182
99,natural,1350,-243.51661557541962
99,natural,1351,-243.51661605230373
99,natural,1352,-243.51662152989076
99,natural,1353,-243.51662516892998
99,natural,1354,-243.51662666373355
99,natural,1355,-243.51665949015245
99,natural,1356,-243.51669737556423
99,natural,1357,-243.51670698214915
99,natural,1358,-243.51674112730922
99,natural,1359,-243.51675078256386
99,natural,1360,-243.51677771522705
99,natural,1361,-243.51680863716368
99,natural,1362,-243.51682622904693
99,natural,1363,-243.51684592913506
99,natural,1364,-243.51685446598623
99,natural,1365,-243.51687751595716
99,natural,1366,-243.51690452969584
99,natural,1367,-243.51691491449705
99,natural,1368,-243.51691611645418
99,natural,1369,-243.51692208117564
99,natural,1370,-243.51693923015054
99,natural,1371,-243.5169447797758
99,natural,1372,-243.5169487181426
99,natural,1373,-243.51695302064854
99,natural,1374,-243.5169632523242
99,natural,1375,-243.51696917335417
99,natural,1376,-243.51697478452158
99,natural,1377,-243.5169762236267
99,natural,1378,-243.51697848667365
99,natural,1379,-243.51698122205664
99,natural,1380,-243.51698401361332
99,natural,1381,-243.51698635782114
99,natural,1382,-243.51698940892663
99,natural,1383,-243.51699227168717
99,natural,1384,-243.5169941678744
99,natural,1385,-243.5169966822227
99,natural,1386,-243.51700291812105
99,natural,1387,-243.517005592049
99,natural,1388,-243.51700860765763
99,natural,1389,-243.51701113015403
99,natural,1390,-243.51701402252678
99,natural,1391,-243.51701644408476
99,natural,1392,-243.51701749352154
99,natural,1393,-243.5170227603772
99,natural,1394,-243.51702842227033
99,natural,1395,-243.51703098975415
99,natural,1396,-243.51703145270824
99,natural,1397,-243.51704314913772
99,natural,1398,-243.51704778154686
99,natural,1399,-243.51706028270388
99,natural,1400,-243.51706206065768
99,natural,1401,-243.51706971308965
99,natural,1402,-243.51707402649316
99,natural,1403,-243.51708386538064
99,natural,1404,-243.51708792292686
99,natural,1405,-243.51709044213902
99,natural,1406,-243.51709343431483
99,natural,1407,-243.5170965081315
99,natural,1408,-243.51709834428394
99,natural,1409,-243.51709910169401
150,split,0,2.3929326391098398
150,split,1,-27.753442263387036
150,split,2,-48.19310609234699
150,split,3,-191.47660580147536
150,split,4,-331.28635480723455
150,split,5,-331.40095175903787
150,split,6,-360.97186990320284
150,split,7,-362.2042384282316
150,split,8,-367.69850526597133
150,split,9,-368.0163935246795
150,split,10,-368.7451758726485
150,split,11,-369.07075757442107
150,split,12,-369.36408163280976
150,split,13,-369.56042412387785
150,split,14,-369.59994966546805
150,split,15,-369.6833180633357
150,split,16,-370.05971511599427
150,split,17,-371.6875001701015
150,split,18,-376.08792354761346
150,split,19,-376.3861021930489
150,split,20,-376.46540304817495
150,split,21,-376.52049469146283
150,split,22,-376.61070612031375
150,split,23,-376.6792724179993
150,split,24,-376.727321095679
150,split,25,-376.7795870218304
150,split,26,-376.8685302491576
150,split,27,-376.8842900148143
150,split,28,-376.8917984696818
150,split,29,-377.057482986969
150,split,30,-377.10306827344954
150,split,31,-377.29000868829195
150,split,32,-377.3372121002947
150,split,33,-377.3545505170272
150,split,34,-377.422115511869
150,split,35,-377.46945590381824
150,split,36,-377.66404095848594
150,split,37,-377.72087326227876
150,split,38,-377.73931127605954
150,split,39,-377.7483142165009
150,split,40,-377.8120049932132
150,split,41,-377.8956650802207
150,split,42,-377.9241853392557
150,split,43,-378.04119236847237
150,split,44,-378.0749700321198
150,split,45,-378.0986048355268
150,split,46,-378.1609760381924
150,split,47,-378.19159200787254
150,split,48,-378.30824339187103
150,split,49,-378.3328385767391
150,split,50,-378.3388744268562
150,split,51,-378.38529000028234
150,split,52,-378.4111357130108
150,split,53,-378.454672147336
150,split,54,-378.49471727857156
150,split,55,-378.53909014588817
150,split,56,-378.5903919602823
150,split,57,-378.61832109939746
150,split,58,-378.6582498147468
150,split,59,-378.6808154575227
150,split,60,-378.7408219290969
150,split,61,-378.7623978815966
150,split,62,-378.76930409676567
150,split,63,-378.8254469006991
150,split,64,-378.853534832714
150,split,65,-378.9361735563344
150,split,66,-378.94629666186216
150,split,67,-378.97265097138444
150,split,68,-379.0045571854828
150,split,69,-379.0298709593534
150,split,70,-379.11850781947504
150,split,71,-379.1438036552132
150,split,72,-379.18328551838533
150,split,73,-379.19587695667593
150,split,74,-379.21351583322985
150,split,75,-379.2274861384735
150,split,76,-379.24050720620005
150,split,77,-379.2847873110494
150,split,78,-379.45279826949906
150,split,79,-379.8423158765744
150,split,80,-379.85004816848766
150,split,81,-379.8588238610814
150,split,82,-379.866213398216
150,split,83,-379.87605980613125
150,split,84,-379.88311765766525
150,split,85,-379.89948496327975
150,split,86,-379.91193561654046
150,split,87,-379.91294183904637
150,split,88,-379.91624620003415
150,split,89,-379.92169427165686
150,split,90,-379.9447925505512
150,split,91,-380.021785888269
150,split,92,-380.0884509630203
150,split,93,-380.1174402756118
150,split,94,-380.217022408001
150,split,95,-380.38625864945044
150,split,96,-380.38834032442327
150,split,97,-380.39058877313664
150,split,98,-380.39170182605017
150,split,99,-380.3923023101114
150,split,100,-380.39471810396066
150,split,101,-380.4029546165452
150,split,102,-380.4324071761649
150,split,103,-380.51250352085884
150,split,104,-380.5221002283992
150,split,105,-380.5239727912878
150,split,106,-380.52444776917565
150,split,107,-380.5248418700147
150,split,108,-380.530625952382
150,split,109,-380.5310506027098
150,split,110,-380.53121606136284
150,split,111,-380.53171999247326
150,split,112,-380.5330240959922
150,split,113,-380.5358348768838
150,split,114,-380.5478664007299
150,split,115,-380.5483113774526
150,split,116,-380.54869276911427
150,split,117,-380.54888882803357
150,split,118,-380.54893723602976
150,split,119,-380.5490266474751
150,split,120,-380.54933411596187
150,split,121,-380.5505421005855
150,split,122,-380.5551442901747
150,split,123,-380.5645198243872
150,split,124,-380.5687919746737
150,split,125,-380.5689832725613
150,split,126,-380.56898374412106
150,split,127,-380.56898374417216
150,natural,0,2.3929326391098398
150,natural,1,-27.753441944456224
150,natural,2,-48.193099062376916
150,natural,3,-190.6383440359206
150,natural,4,-334.0697329785137
150,natural,5,-361.53143413835767
150,natural,6,-366.90664995050986
150,natural,7,-368.9125199977191
150,natural,8,-371.55808072315784
150,natural,9,-372.9203888888633
150,natural,10,-373.23800822362534
150,natural,11,-373.3595149685134
150,natural,12,-375.0446323174594
150,natural,13,-375.40923722828614
150,natural,14,-376.9335288939257
150,natural,15,-377.02790161625404
150,natural,16,-377.5486314592579
150,natural,17,-377.7841572523681
150,natural,18,-378.1168519440857
150,natural,19,-378.24068543720745
150,natural,20,-378.3629532566182
150,natural,21,-378.43987060375423
150,natural,22,-378.5013394773275
150,natural,23,-378.5152676659458
150,natural,24,-378.5394040841567
150,natural,25,-378.6093697255194
150,natural,26,-378.61386929943933
150,natural,27,-378.6653257802952
150,natural,28,-378.6846315853137
150,natural,29,-378.7160291239304
150,natural,30,-378.73296184660904
150,natural,31,-378.7432245499399
150,natural,32,-378.74801240397153
150,natural,33,-378.75833291619915
150,natural,34,-378.76226298673544
150,natural,35,-378.76758557427587
150,natural,36,-378.7691218211114
150,natural,37,-378.7712719946793
150,natural,38,-378.77158931364966
150,natural,39,-378.77225234212733
150,natural,40,-378.77256204184016
150,natural,41,-378.7732774964629
150,natural,42,-378.77367411771615
150,natural,43,-378.7743721403469
150,natural,44,-378.77534701152155
150,natural,45,-378.7757277383918
150,natural,46,-378.77615077596545
150,natural,47,-378.77648133501793
150,natural,48,-378.7767481156019
150,natural,49,-378.7771089585438
150,natural,50,-378.77736882745353
150,natural,51,-378.77743675487136
150,natural,52,-378.7774934645602
150,natural,53,-378.77752171502124
150,natural,54,-378.7775720886422
150,natural,55,-378.7775989006747
150,natural,56,-378.7776239714277
150,natural,57,-378.77764744220127
150,natural,58,-378.7776764804825
150,natural,59,-378.7777022682792
150,natural,60,-378.77771706862245
150,natural,61,-378.7777385041574
150,natural,62,-378.777743310163
150,natural,63,-378.77775869704396
150,natural,64,-378.77776333176433
150,natural,65,-378.7777697351001
150,natural,66,-378.7777762074448
150,natural,67,-378.7777787241346
150,natural,68,-378.77778972421066
150,natural,69,-378.7777904530235
150,natural,70,-378.77779330714185
150,natural,71,-378.7778279273278
150,natural,72,-378.77788853483025
150,natural,73,-378.77792088389066
150,natural,74,-378.7779810567685
150,natural,75,-378.7780052311197
150,natural,76,-378.7780339113451
150,natural,77,-378.7780470068733
150,natural,78,-378.77805787932544
150,natural,79,-378.77805865107734
150,natural,80,-378.7780734957294
150,natural,81,-378.77807728738406
150,natural,82,-378.77808197488656
150,natural,83,-378.7780825459074
150,natural,84,-378.77808632615967
150,natural,85,-378.77809029775943
150,natural,86,-378.77809046777645
150,natural,87,-378.7780993477665
150,natural,88,-378.77810417037796
150,natural,89,-378.7781130538499
150,natural,90,-378.7781288848847
150,natural,91,-378.7781291902962
150,natural,92,-378.77813971163266
150,natural,93,-378.7781528341153
150,natural,94,-378.77816369357294
150,natural,95,-378.7781908134286
150,natural,96,-378.7781927595335
150,natural,97,-378.7781977222604
150,natural,98,-378.77820232680824
150,natural,99,-378.77820777943225
150,natural,100,-378.7782089239007
150,natural,101,-378.7782132900842
150,natural,102,-378.77821889353896
150,natural,103,-378.77821971734147
150,natural,104,-378.778225522805
150,natural,105,-378.77823211890745
150,natural,106,-378.7782367297994
150,natural,107,-378.77825425218015
150,natural,108,-378.77825979655665
150,natural,109,-378.7782719037418
150,natural,110,-378.7782742681689
150,natural,111,-378.7782847187183
150,natural,112,-378.77830455627173
150,natural,113,-378.77833576749447
150,natural,114,-378.77834228866396
150,natural,115,-378.77840359870027
150,natural,116,-378.77841518304103
150,natural,117,-378.7784260043662
150,natural,118,-378.7784392746037
150,natural,119,-378.7784471661822
150,natural,120,-378.7784604502946
150,natural,121,-378.7784765250431
150,natural,122,-378.77849774084115
150,natural,123,-378.7785045102082
150,natural,124,-378.7785135536248
150,natural,125,-378.77851837304587
150,natural,126,-378.77852408252966
150,natural,127,-378.77852549761474
150,natural,128,-378.77853752853633
150,natural,129,-378.7785530130846
150,natural,130,-378.77855964222624
150,natural,131,-378.7785688447593
150,natural,132,-378.7785804089096
150,natural,133,-378.7785810619466
150,natural,134,-378.77860109728874
150,natural,135,-378.7786107762781
150,natural,136,-378.7786316305779
150,natural,137,-378.77868253641526
150,natural,138,-378.77868290827786
150,natural,139,-378.77872972496414
150,natural,140,-378.77874763657405
150,natural,141,-378.7787661492311
150,natural,142,-378.7787725090119
150,natural,143,-378.77877759650687
150,natural,144,-378.77877873210974
150,natural,145,-378.7787901469836
150,natural,146,-378.7787984038008
150,natural,147,-378.7788100721158
150,natural,148,-378.7788132006633
150,natural,149,-378.77881686267494
150,natural,150,-378.77882260354806
150,natural,151,-378.7788249544711
150,natural,152,-378.77882718507635
150,natural,153,-378.778830455052
150,natural,154,-378.7788308936055
150,natural,155,-378.7788371811844
150,natural,156,-378.7788410194224
150,natural,157,-378.7788474330705
150,natural,158,-378.77885307538963
150,natural,159,-378.77885832242947
150,natural,160,-378.778864299129
150,natural,161,-378.7788678681302
150,natural,162,-378.7788706925292
150,natural,163,-378.7788834716002
150,natural,164,-378.77888812962124
150,natural,165,-378.77889899193593
150,natural,166,-378.77893759848894
150,natural,167,-378.7789411384231
150,natural,168,-378.7789702662932
150,natural,169,-378.7789788267796
150,natural,170,-378.7789935128637
150,natural,171,-378.77899608464804
150,natural,172,-378.779002630401
150,natural,173,-378.77900392847823
150,natural,174,-378.7790062900059
150,natural,175,-378.77900666181586
150,natural,176,-378.77900851690714
150,natural,177,-378.7790140821681
150,natural,178,-378.779017893591
150,natural,179,-378.7790248350525
150,natural,180,-378.7790326580886
150,natural,181,-378.77903602892945
150,natural,182,-378.7790455454872
150,natural,183,-378.7790504564528
150,natural,184,-378.77905544296306
150,natural,185,-378.7790555574487
150,natural,186,-378.77905834397325
150,natural,187,-378.77907359067177
150,natural,188,-378.77908098601205
150,natural,189,-378.77908517615776
150,natural,190,-378.7790939277183
150,natural,191,-378.77909706943666
150,natural,192,-378.77911247876824
150,natural,193,-378.7791138320504
150,natural,194,-378.7791215177785
150,natural,195,-378.77912314879234
150,natural,196,-378.7791286170979
150,natural,197,-378.7791407184356
150,natural,198,-378.7791545000808
150,natural,199,-378.7791650556099
150,natural,200,-378.7791730511539
150,natural,201,-378.7791801385681
150,natural,202,-378.77919593377686
150,natural,203,-378.779210541948
150,natural,204,-378.7792161871641
150,natural,205,-378.77931080729263
150,natural,206,-378.7793425089404
150,natural,207,-378.779363432179
150,natural,208,-378.7793695658511
150,natural,209,-378.77938612308844
150,natural,210,-378.7793977638221
150,natural,211,-378.7794301413297
150,natural,212,-378.77944071400054
150,natural,213,-378.77945424311105
150,natural,214,-378.77946623295395
150,natural,215,-378.77947650668875
150,natural,216,-378.77950002860945
150,natural,217,-378.77952776610675
150,natural,218,-378.77954578737234
150,natural,219,-378.7795620034676
150,natural,220,-378.7795705687764
150,natural,221,-378.7795720084104
150,natural,222,-378.7795770293324
150,natural,223,-378.779578555811
150,natural,224,-378.77959836815296
150,natural,225,-378.77960282386607
150,natural,226,-378.7796292805351
150,natural,227,-378.7796338476546
150,natural,228,-378.7796409821505
150,natural,229,-378.77964253087845
150,natural,230,-378.77964629302016
150,natural,231,-378.77964652139264
150,natural,232,-378.7796579892276
150,natural,233,-378.7796622059695
150,natural,234,-378.7796935176659
150,natural,235,-378.7797007151867
150,natural,236,-378.77972465122957
150,natural,237,-378.7797313394583
150,natural,238,-378.77974929497555
150,natural,239,-378.7797513372473
150,natural,240,-378.7797574796807
150,natural,241,-378.77976398876774
150,natural,242,-378.7797669138705
150,natural,243,-378.7797756257357
150,natural,244,-378.77977692597415
150,natural,245,-378.77978522765477
150,natural,246,-378.77978576625753
150,natural,247,-378.77978886590375
150,natural,248,-378.7797966937019
150,natural,249,-378.77979849530607
150,natural,250,-378.77980945293837
150,natural,251,-378.7798167579896
150,natural,252,-378.7798213733088
150,natural,253,-378.7798229713711
150,natural,254,-378.7798260751159
150,natural,255,-378.77983313573645
150,natural,256,-378.7798333464687
150,natural,257,-378.7798420981604
150,natural,258,-378.77984423435464
150,natural,259,-378.7798465381621
150,natural,260,-378.77985318278576
150,natural,261,-378.77985401963934
150,natural,262,-378.7798598103276
150,natural,263,-378.77986146487245
150,natural,264,-378.7798637383507
150,natural,265,-378.7798641241683
150,natural,266,-378.77986418170525
150,natural,267,-378.77990704889027
150,natural,268,-378.77994279708395
150,natural,269,-378.7799575105
150,natural,270,-378.7800391850409
150,natural,271,-378.78006565563277
150,natural,272,-378.7805323522355
150,natural,273,-378.7807200366335
150,natural,274,-378.78102377303867
150,natural,275,-378.7811053150349
150,natural,276,-378.7815636860855
150,natural,277,-378.78204373469543
150,natural,278,-378.78218854987904
150,natural,279,-378.7824436438963
150,natural,280,-378.78252817912846
150,natural,281,-378.7826682724576
150,natural,282,-378.7826760743031
150,natural,283,-378.782741693785
150,natural,284,-378.7827441487109
150,natural,285,-378.7827757082751
150,natural,286,-378.7827874933147
150,natural,287,-378.78280214386416
150,natural,288,-378.7828046886098
150,natural,289,-378.78281725626033
150,natural,290,-378.7828501898193
150,natural,291,-378.7828764730902
150,natural,292,-378.78290357541226
150,natural,293,-378.7829250060397
150,natural,294,-378.78293942622093
150,natural,295,-378.7829430610435
150,natural,296,-378.7829480347513
150,natural,297,-378.7829508135288
150,natural,298,-378.7829538994923
150,natural,299,-378.7829571592771
150,natural,300,-378.78296004296834
150,natural,301,-378.782964786301
150,natural,302,-378.78296577281577
150,natural,303,-378.782967551493
150,natural,304,-378.78296891099137
150,natural,305,-378.78297098818194
150,natural,306,-378.7829725671045
150,natural,307,-378.7829752122293
150,natural,308,-378.78298003669727
150,natural,309,-378.78298471380407
150,natural,310,-378.78298537399615
150,natural,311,-378.78298605978716
150,natural,312,-378.7829875093818
150,natural,313,-378.78299288012533
150,natural,314,-378.78299520205525
150,natural,315,-378.78299700251375
150,natural,316,-378.7829987961138
150,natural,317,-378.78299983322313
150,natural,318,-378.78300096088105
150,natural,319,-378.7830016247587
150,natural,320,-378.7830032237086
150,natural,321,-378.78300475017164
150,natural,322,-378.78300644185146
150,natural,323,-378.78301152334325
150,natural,324,-378.783013412612
150,natural,325,-378.783016929407
150,natural,326,-378.7830181250864
150,natural,327,-378.7830207378616
150,natural,328,-378.7830223419428
150,natural,329,-378.7830241130527
150,natural,330,-378.7830288253447
150,natural,331,-378.78304855777054
150,natural,332,-378.7830496155146
150,natural,333,-378.783064971511
150,natural,334,-378.7830890025794
150,natural,335,-378.7830925073886
150,natural,336,-378.7830960453935
150,natural,337,-378.78309883433326
150,natural,338,-378.783104427101
150,natural,339,-378.7831093563423
150,natural,340,-378.78311402292934
150,natural,341,-378.783115985855
150,natural,342,-378.7831209380229
150,natural,343,-378.7831221984092
150,natural,344,-378.7831244127455
150,natural,345,-378.7831261743826
150,natural,346,-378.78313798133235
150,natural,347,-378.7831481144802
150,natural,348,-378.78325882531425
150,natural,349,-378.7832589223521
150,natural,350,-378.78325954088416
150,natural,351,-378.7832649359527
150,natural,352,-378.783271580656
150,natural,353,-378.78327695325885
150,natural,354,-378.7832810787438
150,natural,355,-378.7832895550125
150,natural,356,-378.78329852733344
150,natural,357,-378.78330239062905
150,natural,358,-378.78330522644615
150,natural,359,-378.78330798826585
150,natural,360,-378.7833090589098
150,natural,361,-378.78331140812816
150,natural,362,-378.7833138777184
150,natural,363,-378.78332006148776
150,natural,364,-378.78332818387037
150,natural,365,-378.78333643980443
150,natural,366,-378.783348803011
150,natural,367,-378.7833566546268
150,natural,368,-378.7833595863965
150,natural,369,-378.78336370422835
150,natural,370,-378.7833731695651
150,natural,371,-378.78337783659026
150,natural,372,-378.78339465971834
150,natural,373,-378.783395436327
150,natural,374,-378.7834044720391
150,natural,375,-378.7834047745165
150,natural,376,-378.7834090077703
150,natural,377,-378.78341298696716
150,natural,378,-378.7834141887974
150,natural,379,-378.78342128648256
150,natural,380,-378.7834222992166
150,natural,381,-378.7834265342853
150,natural,382,-378.7834350591599
150,natural,383,-378.78343779703965
150,natural,384,-378.78344314811704
150,natural,385,-378.78345051966033
150,natural,386,-378.7834595895125
150,natural,387,-378.7834605441969
150,natural,388,-378.78346618495686
150,natural,389,-378.783473359891
150,natural,390,-378.7835081193757
150,natural,391,-378.7835134398849
150,natural,392,-378.78354550406794
150,natural,393,-378.7835545883816
150,natural,394,-378.783562284383
150,natural,395,-378.78357089607573
150,natural,396,-378.7835794654043
150,natural,397,-378.7835815655343
150,natural,398,-378.78358291647316
150,natural,399,-378.7835875290983
150,natural,400,-378.7835914606941
150,natural,401,-378.783597207123
150,natural,402,-378.78360169988275
150,natural,403,-378.7836065744651
150,natural,404,-378.7836077412092
150,natural,405,-378.7836133065655
150,natural,406,-378.7836205579353
150,natural,407,-378.78364374538734
150,natural,408,-378.7836457344909
150,natural,409,-378.78367923530726
150,natural,410,-378.7836796579483
150,natural,411,-378.7836952175034
150,natural,412,-378.7837007279308
150,natural,413,-378.78371045435796
150,natural,414,-378.7837139285137
150,natural,415,-378.7837189873382
150,natural,416,-378.7837217510354
150,natural,417,-378.7837269176397
150,natural,418,-378.7837357817214
150,natural,419,-378.7837375552618
150,natural,420,-378.7837407449744
150,natural,421,-378.7837413494089
150,natural,422,-378.78374594503515
150,natural,423,-378.78375040432877
150,natural,424,-378.78375258840964
150,natural,425,-378.7837557448943
150,natural,426,-378.7837565536145
150,natural,427,-378.7837626096033
150,natural,428,-378.7837637506495
150,natural,429,-378.7837647236495
150,natural,430,-378.7837682787267
150,natural,431,-378.7837698227853
150,natural,432,-378.7837718025708
150,natural,433,-378.7837733020265
150,natural,434,-378.7837751176409
150,natural,435,-378.7837785127415
150,natural,436,-378.78378495743954
150,natural,437,-378.7837882908486
150,natural,438,-378.78380851032585
150,natural,439,-378.783809103148
150,natural,440,-378.7838238962707
150,natural,441,-378.78382587476824
150,natural,442,-378.78383283950103
150,natural,443,-378.7838330140185
150,natural,444,-378.783837624037
150,natural,445,-378.78384092857243
150,natural,446,-378.7838425342763
150,natural,447,-378.7838532886775
150,natural,448,-378.7838591336741
150,natural,449,-378.78386380663073
150,natural,450,-378.7838705004976
150,natural,451,-378.7838731527577
150,natural,452,-378.78388205639123
150,natural,453,-378.7838837342973
150,natural,454,-378.7838896496678
150,natural,455,-378.7838995383177
150,natural,456,-378.7839073801814
150,natural,457,-378.783922316213
150,natural,458,-378.7839322581114
150,natural,459,-378.7839412835691
150,natural,460,-378.7839545107106
150,natural,461,-378.7840058300645
150,natural,462,-378.784034873425
150,natural,463,-378.78415839239995
150,natural,464,-378.7843289352625
150,natural,465,-378.78433088870224
150,natural,466,-378.7844072918725
150,natural,467,-378.7844342919475
150,natural,468,-378.78453446525174
150,natural,469,-378.78457679390044
150,natural,470,-378.7846191036046
150,natural,471,-378.7846470340901
150,natural,472,-378.78467161618573
150,natural,473,-378.7847650371308
150,natural,474,-378.78476814745926
150,natural,475,-378.78477151968934
150,natural,476,-378.784793401353
150,natural,477,-378.78486008696393
150,natural,478,-378.7848636573669
150,natural,479,-378.78487908480406
150,natural,480,-378.7848846371837
150,natural,481,-378.78490069095744
150,natural,482,-378.78490783322354
150,natural,483,-378.78491568277246
150,natural,484,-378.7849227067119
150,natural,485,-378.7849255110939
150,natural,486,-378.78492981170496
150,natural,487,-378.78493236726115
150,natural,488,-378.78493825674644
150,natural,489,-378.78493979071095
150,natural,490,-378.78494262637093
150,natural,491,-378.7849427157021
150,natural,492,-378.7849443480725
150,natural,493,-378.7849478330487
150,natural,494,-378.7849514544321
150,natural,495,-378.7849521868423
150,natural,496,-378.78495346372904
150,natural,497,-378.78495796397533
150,natural,498,-378.78495844165207
150,natural,499,-378.7849687262046
150,natural,500,-378.7849690138935
150,natural,501,-378.7849716042441
150,natural,502,-378.78497363378335
150,natural,503,-378.7849816621907
150,natural,504,-378.7849854460169
150,natural,505,-378.7849938127114
150,natural,506,-378.78499494047685
150,natural,507,-378.7849959108384
150,natural,508,-378.78500649387064
150,natural,509,-378.78500914325105
150,natural,510,-378.7850203705394
150,natural,511,-378.7850250339255
150,natural,512,-378.7850283615958
150,natural,513,-378.7850304439
150,natural,514,-378.7850336623885
150,natural,515,-378.7850357603421
150,natural,516,-378.7850409955718
150,natural,517,-378.7850427975937
150,natural,518,-378.7850430016417
150,natural,519,-378.78504490643087
150,natural,520,-378.78505145907974
150,natural,521,-378.7850515487569
150,natural,522,-378.7850600767613
150,natural,523,-378.78506337240503
150,natural,524,-378.78506509916554
150,natural,525,-378.78506999128973
150,natural,526,-378.78507115440385
150,natural,527,-378.7850721556103
150,natural,528,-378.78507296604874
150,natural,529,-378.7850778465845
150,natural,530,-378.7850789520367
150,natural,531,-378.7850927240747
150,natural,532,-378.78509329091
150,natural,533,-378.7851021331686
150,natural,534,-378.78510919131213
150,natural,535,-378.7851191737124
150,natural,536,-378.7851213582202
150,natural,537,-378.7851334256009
150,natural,538,-378.78513472905985
150,natural,539,-378.7851395175341
150,natural,540,-378.78514781395853
150,natural,541,-378.78514784991006
150,natural,542,-378.78515724823825
150,natural,543,-378.7851606903947
150,natural,544,-378.7851622192832
150,natural,545,-378.7851706404476
150,natural,546,-378.7851730834026
150,natural,547,-378.78517762965674
150,natural,548,-378.78518013162045
150,natural,549,-378.78518720004286
150,natural,550,-378.78519344401235
150,natural,551,-378.78519917547845
150,natural,552,-378.7852041625068
150,natural,553,-378.7852043474212
150,natural,554,-378.7852124627088
150,natural,555,-378.78521743085446
150,natural,556,-378.78522465061235
150,natural,557,-378.78522614176984
150,natural,558,-378.7852274841864
150,natural,559,-378.78523218453574
150,natural,560,-378.78523286081594
150,natural,561,-378.7852382569936
150,natural,562,-378.7852419258692
150,natural,563,-378.78524396459767
150,natural,564,-378.78524501495184
150,natural,565,-378.7852458447075
150,natural,566,-378.7852508636878
150,natural,567,-378.7852605939279
150,natural,568,-378.7852612918504
150,natural,569,-378.7852623202772
150,natural,570,-378.78526298835004
150,natural,571,-378.7852663138626
150,natural,572,-378.78526792203377
150,natural,573,-378.78527233247934
150,natural,574,-378.7852739119884
150,natural,575,-378.7852759305403
150,natural,576,-378.7852792551509
150,natural,577,-378.78528001158026
150,natural,578,-378.7852809439506
150,natural,579,-378.78528209592616
150,natural,580,-378.7852846544614
150,natural,581,-378.78528575840505
150,natural,582,-378.7852875119259
150,natural,583,-378.78528815095206
150,natural,584,-378.78528889949155
150,natural,585,-378.78529351896555
150,natural,586,-378.7853069507863
150,natural,587,-378.785308751538
150,natural,588,-378.7853167134617
150,natural,589,-378.78531733875474
150,natural,590,-378.7853188177022
150,natural,591,-378.7853215086193
150,natural,592,-378.78532403099564
150,natural,593,-378.78532596007005
150,natural,594,-378.78533891388076
150,natural,595,-378.7854035864007
150,natural,596,-378.78572352801365
150,natural,597,-378.7857241053982
150,natural,598,-378.7857244656326
150,natural,599,-378.7857462801523
150,natural,600,-378.78574630285465
150,natural,601,-378.78574734776635
150,natural,602,-378.7857611362265
150,natural,603,-378.7857743853238
150,natural,604,-378.7857852193996
150,natural,605,-378.78579112751254
150,natural,606,-378.78580954852794
150,natural,607,-378.78581387901704
150,natural,608,-378.7858169525166
150,natural,609,-378.7858193569056
150,natural,610,-378.78582184770056
150,natural,611,-378.7858240410694
150,natural,612,-378.7858256288851
150,natural,613,-378.7858264598173
150,natural,614,-378.78583078711637
150,natural,615,-378.78583303976444
150,natural,616,-378.7858335868131
150,natural,617,-378.78583595453415
150,natural,618,-378.78583780438373
150,natural,619,-378.7858406291858
150,natural,620,-378.7858412053355
150,natural,621,-378.78584434231493
150,natural,622,-378.7858473779509
150,natural,623,-378.7858474915949
150,natural,624,-378.7858544628375
150,natural,625,-378.7858675047724
150,natural,626,-378.7858703076529
150,natural,627,-378.78587582124527
150,natural,628,-378.7858783229472
150,natural,629,-378.78588180527595
150,natural,630,-378.78588240100197
150,natural,631,-378.7858851966236
150,natural,632,-378.78588621793807
150,natural,633,-378.7858868750097
150,natural,634,-378.78589178262786
150,natural,635,-378.7858998473282
150,natural,636,-378.78590158823596
150,natural,637,-378.7859029136399
150,natural,638,-378.7859043986412
150,natural,639,-378.7859076672929
150,natural,640,-378.785909861879
150,natural,641,-378.785914109737
150,natural,642,-378.7859149483917
150,natural,643,-378.7859153653675
150,natural,644,-378.78591911857393
150,natural,645,-378.785919370647
150,natural,646,-378.78592233838555
150,natural,647,-378.785922349512
150,natural,648,-378.78592640925035
150,natural,649,-378.7859276630455
150,natural,650,-378.78593470800973
150,natural,651,-378.78593767356
150,natural,652,-378.78595261536805
150,natural,653,-378.7859529361667
150,natural,654,-378.78596672236415
150,natural,655,-378.7859682369311
150,natural,656,-378.78597099399616
150,natural,657,-378.78597460132266
150,natural,658,-378.7859844513243
150,natural,659,-378.78598769347593
150,natural,660,-378.7859883778762
150,natural,661,-378.78599720228794
150,natural,662,-378.7859982715755
150,natural,663,-378.78600122313645
150,natural,664,-378.78600380095185
150,natural,665,-378.7860082634052
150,natural,666,-378.7860088982572
150,natural,667,-378.78601128126934
150,natural,668,-378.7860133590257
150,natural,669,-378.7860136105419
150,natural,670,-378.78601940721677
150,natural,671,-378.78602754696857
150,natural,672,-378.78603227561064
150,natural,673,-378.78603374110924
150,natural,674,-378.7860388899507
150,natural,675,-378.7860413049135
150,natural,676,-378.78604586224964
150,natural,677,-378.78604900756847
150,natural,678,-378.78605879037667
150,natural,679,-378.7860600689956
150,natural,680,-378.78606175229737
150,natural,681,-378.78606489709733
150,natural,682,-378.78607551385187
150,natural,683,-378.78607769229444
150,natural,684,-378.78608626546634
150,natural,685,-378.7860891539524
150,natural,686,-378.78610432433703
150,natural,687,-378.7861066348454
150,natural,688,-378.7861110086849
150,natural,689,-378.7861128731597
150,natural,690,-378.78612687532836
150,natural,691,-378.78613058919194
150,natural,692,-378.78613361193396
150,natural,693,-378.7861360230992
150,natural,694,-378.78613871827133
150,natural,695,-378.78613996198874
150,natural,696,-378.78615021102604
150,natural,697,-378.7861558890129
150,natural,698,-378.78617276424876
150,natural,699,-378.7861731942377
150,natural,700,-378.7861806175066
150,natural,701,-378.78618082517886
150,natural,702,-378.78619344397646
150,natural,703,-378.7862219577649
150,natural,704,-378.7862240969865
150,natural,705,-378.78624246158654
150,natural,706,-378.78624410985117
150,natural,707,-378.78624887986035
150,natural,708,-378.7862542247829
150,natural,709,-378.7862567390112
150,natural,710,-378.7862587627856
150,natural,711,-378.7862603058914
150,natural,712,-378.7862607656869
150,natural,713,-378.7862615493271
150,natural,714,-378.78626319385046
150,natural,715,-378.78626553618386
150,natural,716,-378.78626713488
150,natural,717,-378.7862682846743
150,natural,718,-378.7862688104531
150,natural,719,-378.78627111067465
150,natural,720,-378.78627261298294
150,natural,721,-378.7862767560683
150,natural,722,-378.7862778453826
150,natural,723,-378.78628471738926
150,natural,724,-378.78630280882214
150,natural,725,-378.78633092611256
150,natural,726,-378.786333174951
150,natural,727,-378.78634731316396
150,natural,728,-378.78634859571633
150,natural,729,-378.78636428802554
150,natural,730,-378.7863667800879
150,natural,731,-378.78637023878906
150,natural,732,-378.78637574824626
150,natural,733,-378.7863773553424
150,natural,734,-378.78638005047173
150,natural,735,-378.786380674692
150,natural,736,-378.78638623778625
150,natural,737,-378.78640021350566
150,natural,738,-378.78640035741597
150,natural,739,-378.7864113312832
150,natural,740,-378.7864123694264
150,natural,741,-378.7864207901357
150,natural,742,-378.7864222399595
150,natural,743,-378.786426144114
150,natural,744,-378.786428308388
150,natural,745,-378.786431460416
150,natural,746,-378.7864352408252
150,natural,747,-378.78644137239536
150,natural,748,-378.7864487546899
150,natural,749,-378.78645372790294
150,natural,750,-378.78645502363474
150,natural,751,-378.7864585107855
150,natural,752,-378.7864609525495
150,natural,753,-378.78646332395635
150,natural,754,-378.7864656771064
150,natural,755,-378.78646752208283
150,natural,756,-378.78647429419567
150,natural,757,-378.78647518753064
150,natural,758,-378.7864793169975
150,natural,759,-378.78648181363394
150,natural,760,-378.786483809598
150,natural,761,-378.78648399708027
150,natural,762,-378.78648607705344
150,natural,763,-378.78648663135976
150,natural,764,-378.786487168694
150,natural,765,-378.78649208802875
150,natural,766,-378.78649284340145
150,natural,767,-378.78649333408606
150,natural,768,-378.7864974754297
150,natural,769,-378.78649757364303
150,natural,770,-378.78649936547595
150,natural,771,-378.7865004902451
150,natural,772,-378.7865032504281
150,natural,773,-378.78650481576176
150,natural,774,-378.7865086403889
150,natural,775,-378.7865125625213
150,natural,776,-378.7865131663115
150,natural,777,-378.7865153382718
150,natural,778,-378.7865164813723
150,natural,779,-378.78651846779735
150,natural,780,-378.7865197173702
150,natural,781,-378.7865206822396
150,natural,782,-378.7865215258661
150,natural,783,-378.78652306336795
150,natural,784,-378.7865249819771
150,natural,785,-378.78653129636467
150,natural,786,-378.7865323354802
150,natural,787,-378.786534126808
150,natural,788,-378.7865350148235
150,natural,789,-378.7865385665726
150,natural,790,-378.7865429951519
150,natural,791,-378.7865435617061
150,natural,792,-378.78654465778664
150,natural,793,-378.78654695809166
150,natural,794,-378.7865510827176
150,natural,795,-378.78655193699063
150,natural,796,-378.7865532363898
150,natural,797,-378.78655633050766
150,natural,798,-378.7865652794865
150,natural,799,-378.78656540116066
150,natural,800,-378.7865664300355
150,natural,801,-378.7865674913702
150,natural,802,-378.7865713491036
150,natural,803,-378.78657265989585
150,natural,804,-378.78657620427055
150,natural,805,-378.78657657299567
150,natural,806,-378.78657858877983
150,natural,807,-378.7865794324779
150,natural,808,-378.7865809432494
150,natural,809,-378.78658204902007
150,natural,810,-378.7865894099229
150,natural,811,-378.78659048940676
150,natural,812,-378.7865936054117
150,natural,813,-378.78659434387805
150,natural,814,-378.78659584499246
150,natural,815,-378.7865979052634
150,natural,816,-378.786601537455
150,natural,817,-378.78660257442033
150,natural,818,-378.7866040831352
150,natural,819,-378.78660483099617
150,natural,820,-378.7866053561778
150,natural,821,-378.7866112205913
150,natural,822,-378.7866141640813
150,natural,823,-378.78661760281705
150,natural,824,-378.7866191141489
150,natural,825,-378.7866197402095
150,natural,826,-378.78662126709884
150,natural,827,-378.7866227406294
150,natural,828,-378.78662594109113
150,natural,829,-378.7866372176007
150,natural,830,-378.7866390982046
150,natural,831,-378.7866394211401
150,natural,832,-378.7866686937434
150,natural,833,-378.78667593766966
150,natural,834,-378.7866812736596
150,natural,835,-378.78668589324474
150,natural,836,-378.78669249436325
150,natural,837,-378.7866977723041
150,natural,838,-378.78670054827035
150,natural,839,-378.78670315324393
150,natural,840,-378.7867075512545
150,natural,841,-378.7867168281199
150,natural,842,-378.78672362641686
150,natural,843,-378.7867287778856
150,natural,844,-378.7867433098265
150,natural,845,-378.7867499704961
150,natural,846,-378.78675456892245
150,natural,847,-378.7867626483252
150,natural,848,-378.7867690366474
150,natural,849,-378.78677691295155
150,natural,850,-378.78678431346015
150,natural,851,-378.7867980689689
150,natural,852,-378.7868014642928
150,natural,853,-378.7868071543061
150,natural,854,-378.7868071696602
150,natural,855,-378.78681675372627
150,natural,856,-378.78682869882715
150,natural,857,-378.78683632912816
150,natural,858,-378.7868420104367
150,natural,859,-378.78688522200935
150,natural,860,-378.7868984901993
150,natural,861,-378.786919788585
150,natural,862,-378.78692039873044
150,natural,863,-378.78692502495494
150,natural,864,-378.78692832573074
150,natural,865,-378.7869344754804
150,natural,866,-378.7869401401193
150,natural,867,-378.7869426418611
150,natural,868,-378.78694410755674
150,natural,869,-378.78694591173695
150,natural,870,-378.7869497959667
150,natural,871,-378.78694981679286
150,natural,872,-378.7869575121425
150,natural,873,-378.7869679457481
150,natural,874,-378.7869698613515
150,natural,875,-378.78697161022785
150,natural,876,-378.7869756698335
150,natural,877,-378.78697815027067
150,natural,878,-378.7869790826901
150,natural,879,-378.7869809563551
150,natural,880,-378.78698302942246
150,natural,881,-378.786983102824
150,natural,882,-378.78698768287154
150,natural,883,-378.78699110546444
150,natural,884,-378.7869911906548
150,natural,885,-378.78700149962776
150,natural,886,-378.7870076364537
150,natural,887,-378.78701052337897
150,natural,888,-378.78701079915567
150,natural,889,-378.78701827821
150,natural,890,-378.7870200004526
150,natural,891,-378.7870231848737
150,natural,892,-378.78702363744554
150,natural,893,-378.7870252516982
150,natural,894,-378.787029230143
150,natural,895,-378.78703173642464
150,natural,896,-378.7870331416655
150,natural,897,-378.7870339533422
150,natural,898,-378.7870356442848
150,natural,899,-378.78703881307604
150,natural,900,-378.7870406787491
150,natural,901,-378.7870451096673
150,natural,902,-378.7870460675254
150,natural,903,-378.78704721700785
150,natural,904,-378.7870498340109
150,natural,905,-378.78705180590987
150,natural,906,-378.7870553097631
150,natural,907,-378.7870729064857
150,natural,908,-378.78707394455137
150,natural,909,-378.78708511085154
150,natural,910,-378.78708555229196
150,natural,911,-378.7870890608576
150,natural,912,-378.7870909873732
150,natural,913,-378.78709307933303
150,natural,914,-378.7870949229067
150,natural,915,-378.7870964285555
150,natural,916,-378.7870992835085
150,natural,917,-378.7871009739517
150,natural,918,-378.78710362084183
150,natural,919,-378.7871056401087
150,natural,920,-378.7871071408804
150,natural,921,-378.78710927024594
150,natural,922,-378.7871197398676
150,natural,923,-378.7871304531766
150,natural,924,-378.7871430542541
150,natural,925,-378.7872261323642
150,natural,926,-378.7872786300635
150,natural,927,-378.78732684727333
150,natural,928,-378.78742780151686
150,natural,929,-378.78784463870596
150,natural,930,-378.78785778842354
150,natural,931,-378.7879414568316
150,natural,932,-378.78810360451564
150,natural,933,-378.78854934305
150,natural,934,-378.7886267284605
150,natural,935,-378.7886906916293
150,natural,936,-378.78873162164115
150,natural,937,-378.78878703558144
150,natural,938,-378.78878787030794
150,natural,939,-378.78878858333644
150,natural,940,-378.7887918184842
150,natural,941,-378.7888059933243
150,natural,942,-378.78880995352864
150,natural,943,-378.7888148503405
150,natural,944,-378.78881808471584
150,natural,945,-378.78882630922476
150,natural,946,-378.78883908577734
150,natural,947,-378.7888445015158
150,natural,948,-378.78886172869187
150,natural,949,-378.7888750689361
150,natural,950,-378.7888859054875
150,natural,951,-378.7889123547485
150,natural,952,-378.78891949051746
150,natural,953,-378.7889375739459
150,natural,954,-378.7889390646967
150,natural,955,-378.7889479328742
150,natural,956,-378.78896804035776
150,natural,957,-378.7889793797219
150,natural,958,-378.788996907647
150,natural,959,-378.78900164082347
150,natural,960,-378.78901250334894
150,natural,961,-378.7890195746383
150,natural,962,-378.7890225179298
150,natural,963,-378.78902367826504
150,natural,964,-378.78902503668127
150,natural,965,-378.78902787212235
150,natural,966,-378.78902883930084
150,natural,967,-378.7890295354667
150,natural,968,-378.78903001943513
150,natural,969,-378.7890307414034
150,natural,970,-378.78903245493274
150,natural,971,-378.78903416076696
150,natural,972,-378.78903525727134
150,natural,973,-378.7890354587107
150,natural,974,-378.78903637297765
150,natural,975,-378.78903698490376
150,natural,976,-378.78904058469044
150,natural,977,-378.7890429896362
150,natural,978,-378.7890545657303
150,natural,979,-378.7890549308812
150,natural,980,-378.78905545138923
150,natural,981,-378.78905635901924
150,natural,982,-378.7890576064872
150,natural,983,-378.7890602962584
150,natural,984,-378.789063276619
150,natural,985,-378.7890652918975
150,natural,986,-378.78906686516
150,natural,987,-378.78906956147273
150,natural,988,-378.7890790393133
150,natural,989,-378.7890791396787
150,natural,990,-378.78910934588123
150,natural,991,-378.78910972003354
150,natural,992,-378.7891160502378
150,natural,993,-378.78912308550684
150,natural,994,-378.78913140809766
150,natural,995,-378.78913349096354
150,natural,996,-378.78913971817974
150,natural,997,-378.7891539527859
150,natural,998,-378.7891600568858
150,natural,999,-378.7891684393727
150,natural,1000,-378.78916996445463
150,natural,1001,-378.78917185233104
150,natural,1002,-378.78917454670994
150,natural,1003,-378.7891781410822
150,natural,1004,-378.78917925920916
150,natural,1005,-378.78918088689164
150,natural,1006,-378.789183197283
150,natural,1007,-378.7891841954061
150,natural,1008,-378.7891880748203
150,natural,1009,-378.78919191117376
150,natural,1010,-378.78919279418574
150,natural,1011,-378.78919516227825
150,natural,1012,-378.78919579355204
150,natural,1013,-378.789196765121
150,natural,1014,-378.7891982456135
150,natural,1015,-378.78920192679453
150,natural,1016,-378.78920307711303
150,natural,1017,-378.78920350305117
150,natural,1018,-378.7892104076126
150,natural,1019,-378.7892199982994
150,natural,1020,-378.78922051481146
150,natural,1021,-378.7892217318589
150,natural,1022,-378.78923188813735
150,natural,1023,-378.78923382251935
150,natural,1024,-378.78924378354174
150,natural,1025,-378.7892473880392
150,natural,1026,-378.78924980396334
150,natural,1027,-378.7892525992935
150,natural,1028,-378.7892579811692
150,natural,1029,-378.7892595791542
150,natural,1030,-378.7892670638726
150,natural,1031,-378.78926755284886
150,natural,1032,-378.78926900059656
150,natural,1033,-378.78926928683467
150,natural,1034,-378.7892718725154
150,natural,1035,-378.7892752161305
150,natural,1036,-378.78927718693535
150,natural,1037,-378.78927836758686
150,natural,1038,-378.78927882289116
150,natural,1039,-378.7892811855868
150,natural,1040,-378.7892827850869
150,natural,1041,-378.7892837156288
150,natural,1042,-378.7892845427357
150,natural,1043,-378.78928836755244
150,natural,1044,-378.78928921675555
150,natural,1045,-378.78929020774785
150,natural,1046,-378.7892905472389
150,natural,1047,-378.7892915253745
150,natural,1048,-378.7892921784131
150,natural,1049,-378.7892931019785
150,natural,1050,-378.78929743524276
150,natural,1051,-378.78931084852593
150,natural,1052,-378.78932143387806
150,natural,1053,-378.789447262161
150,natural,1054,-378.7894473279719
150,natural,1055,-378.7894489438086
150,natural,1056,-378.7894814439075
150,natural,1057,-378.7894841213287
150,natural,1058,-378.78948681923345
150,natural,1059,-378.7894900473369
150,natural,1060,-378.78949832843404
150,natural,1061,-378.7895003550849
150,natural,1062,-378.7895043304633
150,natural,1063,-378.7895049046953
150,natural,1064,-378.7895119224178
150,natural,1065,-378.7895138485291
150,natural,1066,-378.78951842611804
150,natural,1067,-378.78952062707157
150,natural,1068,-378.7895216418762
150,natural,1069,-378.7895249726965
150,natural,1070,-378.78952628645106
150,natural,1071,-378.78952776931425
150,natural,1072,-378.78953185333313
150,natural,1073,-378.78955340438387
150,natural,1074,-378.78955400188323
150,natural,1075,-378.7895551986218
150,natural,1076,-378.78955674533245
150,natural,1077,-378.7895610639327
150,natural,1078,-378.7895633258017
150,natural,1079,-378.7895683411987
150,natural,1080,-378.7895694684628
150,natural,1081,-378.7895745218001
150,natural,1082,-378.78957526251224
150,natural,1083,-378.78957717650974
150,natural,1084,-378.7895821459162
150,natural,1085,-378.7895866454097
150,natural,1086,-378.7896253773319
150,natural,1087,-378.78986747144245
150,natural,1088,-378.78986753702293
150,natural,1089,-378.7898746009787
150,natural,1090,-378.78994342003944
150,natural,1091,-378.7899571341742
150,natural,1092,-378.7900097401092
150,natural,1093,-378.79001899959883
150,natural,1094,-378.79013709475817
150,natural,1095,-378.79021879239446
150,natural,1096,-378.79024118713136
150,natural,1097,-378.7902863055527
150,natural,1098,-378.7903260675714
150,natural,1099,-378.79036412137475
150,natural,1100,-378.79039380726925
150,natural,1101,-378.79043497219163
150,natural,1102,-378.7904592726732
150,natural,1103,-378.79049602683307
150,natural,1104,-378.7905070379525
150,natural,1105,-378.79051566484236
150,natural,1106,-378.79054329638876
150,natural,1107,-378.7905460327701
150,natural,1108,-378.79055508364
150,natural,1109,-378.79057322307676
150,natural,1110,-378.79057772074117
150,natural,1111,-378.79058034301914
150,natural,1112,-378.79058306718093
150,natural,1113,-378.7905861275408
150,natural,1114,-378.7905874467346
150,natural,1115,-378.7905896066393
150,natural,1116,-378.7905984145909
150,natural,1117,-378.7906008374059
150,natural,1118,-378.7906024856493
150,natural,1119,-378.7906069880136
150,natural,1120,-378.79061069089204
150,natural,1121,-378.79061200215796
150,natural,1122,-378.790615679087
150,natural,1123,-378.7906172401596
150,natural,1124,-378.79062337053443
150,natural,1125,-378.7906258341586
150,natural,1126,-378.79064241918184
150,natural,1127,-378.79064467648476
150,natural,1128,-378.790645166796
150,natural,1129,-378.79064640771026
150,natural,1130,-378.79065312139585
150,natural,1131,-378.79065498296166
150,natural,1132,-378.7906583050844
150,natural,1133,-378.7906594739752
150,natural,1134,-378.79066098293976
150,natural,1135,-378.79066316832206
150,natural,1136,-378.79066374339294
150,natural,1137,-378.7906674244625
150,natural,1138,-378.79066809417134
150,natural,1139,-378.790670608557
150,natural,1140,-378.79067439228226
150,natural,1141,-378.79067482601016
150,natural,1142,-378.7906831079036
150,natural,1143,-378.7906876773413
150,natural,1144,-378.79070318516267
150,natural,1145,-378.79070606026465
150,natural,1146,-378.7907061390728
150,natural,1147,-378.7907132231026
150,natural,1148,-378.7907146628515
150,natural,1149,-378.7907187268187
150,natural,1150,-378.79071906335696
150,natural,1151,-378.79072361041096
150,natural,1152,-378.7907248542265
150,natural,1153,-378.7907281771811
150,natural,1154,-378.79073224141
150,natural,1155,-378.7907362003381
150,natural,1156,-378.79073914576185
150,natural,1157,-378.79074005073863
150,natural,1158,-378.79074112010693
150,natural,1159,-378.7907428142403
150,natural,1160,-378.7907437325972
150,natural,1161,-378.7907474424719
150,natural,1162,-378.79075869417227
150,natural,1163,-378.7907598652448
150,natural,1164,-378.79077040568507
150,natural,1165,-378.79079355165
150,natural,1166,-378.79080052491736
150,natural,1167,-378.7908154686935
150,natural,1168,-378.79081733841963
150,natural,1169,-378.7908204128895
150,natural,1170,-378.7908243239501
150,natural,1171,-378.7908277646037
150,natural,1172,-378.790829756146
150,natural,1173,-378.79083157931314
150,natural,1174,-378.7908354986005
150,natural,1175,-378.79083607686886
150,natural,1176,-378.7908370567683
150,natural,1177,-378.79083738164366
300,split,0,3.5429890397523534
300,split,1,-162.83646393398888
300,split,2,-602.1191196192893
300,split,3,-728.7770552859592
300,split,4,-771.6708764460274
300,split,5,-781.7195765438364
300,split,6,-789.8105045604282
300,split,7,-800.7675834794386
300,split,8,-801.7941055990503
300,split,9,-802.4374909863506
300,split,10,-803.8609229723343
300,split,11,-803.9202952725404
300,split,12,-804.0675588553569
300,split,13,-804.1108753561349
300,split,14,-804.1350314813703
300,split,15,-804.1707726899942
300,split,16,-804.3026090335784
300,split,17,-804.5052107088601
300,split,18,-804.7394296389302
300,split,19,-804.7851413446242
300,split,20,-804.8178263423723
300,split,21,-804.8201050983189
300,split,22,-804.8284148317314
300,split,23,-804.8677405495736
300,split,24,-805.0524674710813
300,split,25,-805.92092225643
300,split,26,-807.5324377978178
300,split,27,-808.121230288682
300,split,28,-808.2571210251992
300,split,29,-808.4090313295003
300,split,30,-808.89346460725
300,split,31,-808.9728748747729
300,split,32,-809.0274562160419
300,split,33,-809.1243161505938
300,split,34,-809.1412163130219
300,split,35,-809.1755033361917
300,split,36,-809.280496075529
300,split,37,-809.6156149074967
300,split,38,-810.8860868899219
300,split,39,-811.2240523528019
300,split,40,-811.2991763676422
300,split,41,-811.3190686148278
300,split,42,-811.3257382225023
300,split,43,-811.3268429084752
300,split,44,-811.3296466646324
300,split,45,-811.3419962865366
300,split,46,-811.4015145904708
300,split,47,-811.6741748781134
300,split,48,-812.1954871459197
300,split,49,-812.301763591164
300,split,50,-812.3350883692339
300,split,51,-812.3461908513165
300,split,52,-812.3581998975842
300,split,53,-812.3593407169029
300,split,54,-812.3618222697212
300,split,55,-812.3730415792793
300,split,56,-812.4267762337696
300,split,57,-812.6550938917115
300,split,58,-813.2976714773602
300,split,59,-813.5860523320542
300,split,60,-813.5919712806018
300,split,61,-813.601770936377
300,split,62,-813.6047522877509
300,split,63,-813.6141131901192
300,split,64,-813.6536799033239
300,split,65,-813.8020622458921
300,split,66,-814.2628742127154
300,split,67,-814.443107272144
300,split,68,-814.4691903608058
300,split,69,-814.4691971470891
300,split,70,-814.471716514347
300,split,71,-814.4816041771563
300,split,72,-814.5291161669024
300,split,73,-814.7446004680462
300,split,74,-814.8510337194127
300,split,75,-814.8753759750418
300,split,76,-814.8754232558458
300,split,77,-814.8757700675127
300,split,78,-814.8775545820048
300,split,79,-814.8778967826022
300,split,80,-814.8798470779803
300,split,81,-814.8881671135842
300,split,82,-814.924620324856
300,split,83,-815.0803540998679
300,split,84,-815.1217957624806
300,split,85,-815.130926080601
300,split,86,-815.1320945767992
300,split,87,-815.1321660148542
300,split,88,-815.1331657338909
300,split,89,-815.1337656498636
300,split,90,-815.1347874242441
300,split,91,-815.135015510865
300,split,92,-815.135757988149
300,split,93,-815.1392958488707
300,split,94,-815.155913523133
300,split,95,-815.2270501456021
300,split,96,-815.2314772593829
300,split,97,-815.2415178031233
300,split,98,-815.2533111343539
300,split,99,-815.2534983790908
300,split,100,-815.2562366380132
300,split,101,-815.2576223087005
300,split,102,-815.2597909157422
300,split,103,-815.2642084449669
300,split,104,-815.2830682843204
300,split,105,-815.3039074564676
300,split,106,-815.3126402969035
300,split,107,-815.3177909572663
300,split,108,-815.3199224403137
300,split,109,-815.3201059952593
300,split,110,-815.3201329728995
300,split,111,-815.3202240084461
300,split,112,-815.3206516572528
300,split,113,-815.3225801691567
300,split,114,-815.3295948350416
300,split,115,-815.3344718785606
300,split,116,-815.3356821864294
300,split,117,-815.3357603605873
300,split,118,-815.3357632430384
300,split,119,-815.3358039884184
300,split,120,-815.335867350035
300,split,121,-815.3358725243688
300,split,122,-815.3358793266143
300,split,123,-815.3358919547601
300,split,124,-815.3359438129809
300,split,125,-815.3361590622388
300,split,126,-815.3367187465299
300,split,127,-815.3372010751768
300,split,128,-815.3372627429603
300,split,129,-815.3372632995622
300,split,130,-815.3372632997983
300,natural,0,3.5429890397523534
300,natural,1,-162.8364631612541
300,natural,2,-602.1191457117834
300,natural,3,-721.9625038676265
300,natural,4,-774.3323601792422
300,natural,5,-784.1495446395753
300,natural,6,-791.6287868785213
300,natural,7,-800.8890476316525
300,natural,8,-802.8894404139987
300,natural,9,-803.0069770690362
300,natural,10,-804.9823359291803
300,natural,11,-805.9121825185936
300,natural,12,-806.475906341386
300,natural,13,-806.5998748485921
300,natural,14,-806.8704625995155
300,natural,15,-806.9689554838841
300,natural,16,-807.2043762505272
300,natural,17,-807.3322567203807
300,natural,18,-807.368909759633
300,natural,19,-807.4678607578034
300,natural,20,-807.5019235850154
300,natural,21,-807.5108120169223
300,natural,22,-807.5744007433652
300,natural,23,-807.6843390636744
300,natural,24,-807.7085175036955
300,natural,25,-807.7852146943503
300,natural,26,-807.8464335740157
300,natural,27,-807.881118400412
300,natural,28,-807.8836153655668
300,natural,29,-807.9070984477789
300,natural,30,-807.9765507857816
300,natural,31,-807.9897092536338
300,natural,32,-808.0532763848888
300,natural,33,-808.0689820338612
300,natural,34,-808.0902009463734
300,natural,35,-808.0927158152631
300,natural,36,-808.1190861128546
300,natural,37,-808.1416009095203
300,natural,38,-808.1641420576051
300,natural,39,-808.1796367780099
300,natural,40,-808.1819475705412
300,natural,41,-808.1924353053839
300,natural,42,-808.1963434706136
300,natural,43,-808.201883142286
300,natural,44,-808.2052157236926
300,natural,45,-808.2089983107354
300,natural,46,-808.2095976419944
300,natural,47,-808.2117971463747
300,natural,48,-808.2124257491286
300,natural,49,-808.2157879456026
300,natural,50,-808.2191990718737
300,natural,51,-808.2199906839935
300,natural,52,-808.220429192571
300,natural,53,-808.2219123077756
300,natural,54,-808.2219604163208
300,natural,55,-808.222429155816
300,natural,56,-808.2227539774105
300,natural,57,-808.2228777700262
300,natural,58,-808.2231267304919
300,natural,59,-808.2231346465659
300,natural,60,-808.223306530843
300,natural,61,-808.223391126804
300,natural,62,-808.2234670866559
300,natural,63,-808.2235005318031
300,natural,64,-808.2235633976677
300,natural,65,-808.2237045410386
300,natural,66,-808.2237885943414
300,natural,67,-808.2238358180106
300,natural,68,-808.2238559525517
300,natural,69,-808.2238948005959
300,natural,70,-808.2239003597265
300,natural,71,-808.2239194355302
300,natural,72,-808.2239321560564
300,natural,73,-808.2239420646579
300,natural,74,-808.2239537619118
300,natural,75,-808.2239655445596
300,natural,76,-808.2239739893465
300,natural,77,-808.2239808015638
300,natural,78,-808.2239899957744
300,natural,79,-808.2239951509205
300,natural,80,-808.2239996016732
300,natural,81,-808.2240035639301
300,natural,82,-808.2240076639087
300,natural,83,-808.2240132717726
300,natural,84,-808.2240160880507
300,natural,85,-808.2240261557777
300,natural,86,-808.2240298746126
300,natural,87,-808.224032629444
300,natural,88,-808.2240335701035
300,natural,89,-808.2240363490541
300,natural,90,-808.2240406682517
300,natural,91,-808.2240438505801
300,natural,92,-808.2240502725105
300,natural,93,-808.22406697442
300,natural,94,-808.2240682104145
300,natural,95,-808.2240764970039
300,natural,96,-808.2240782115878
300,natural,97,-808.2240816194276
300,natural,98,-808.2240821158117
300,natural,99,-808.2240849140209
300,natural,100,-808.2240871496806
300,natural,101,-808.22408875594
300,natural,102,-808.2240927885737
300,natural,103,-808.2240962358711
300,natural,104,-808.2241031156639
300,natural,105,-808.224113428077
300,natural,106,-808.2241201908939
300,natural,107,-808.224128029327
300,natural,108,-808.2241310484253
300,natural,109,-808.2241364692302
300,natural,110,-808.2241390332946
300,natural,111,-808.2241413645128
300,natural,112,-808.2241524924489
300,natural,113,-808.2241624609601
300,natural,114,-808.2241710784565
300,natural,115,-808.2241806524744
300,natural,116,-808.2241868875924
300,natural,117,-808.224196254433
300,natural,118,-808.2241972278447
300,natural,119,-808.2242071744955
300,natural,120,-808.2242075371762
300,natural,121,-808.2242188823461
300,natural,122,-808.2242307490362
300,natural,123,-808.2242308253348
300,natural,124,-808.2242618021435
300,natural,125,-808.2242851257159
300,natural,126,-808.224289626754
300,natural,127,-808.2243138071149
300,natural,128,-808.2243383641971
300,natural,129,-808.2243519942128
300,natural,130,-808.2243561226602
300,natural,131,-808.2243616948283
300,natural,132,-808.2243661249412
300,natural,133,-808.2243719044707
300,natural,134,-808.2243910066671
300,natural,135,-808.224391464872
300,natural,136,-808.2243973783235
300,natural,137,-808.2244082496238
300,natural,138,-808.2244160374308
300,natural,139,-808.2244278239668
300,natural,140,-808.2244286276363
300,natural,141,-808.2244409053709
300,natural,142,-808.2244429897341
300,natural,143,-808.2244471538181
300,natural,144,-808.2244558951319
300,natural,145,-808.2244578661108
300,natural,146,-808.2244655841736
300,natural,147,-808.224467741458
300,natural,148,-808.2244733546275
300,natural,149,-808.2244739689116
300,natural,150,-808.2244802051509
300,natural,151,-808.2244856942165
300,natural,152,-808.2245021914644
300,natural,153,-808.2245146122608
300,natural,154,-808.2245308531195
300,natural,155,-808.2245409424836
300,natural,156,-808.2245792666337
300,natural,157,-808.2246185935162
300,natural,158,-808.2246345784537
300,natural,159,-808.2246618167665
300,natural,160,-808.224669018743
300,natural,161,-808.2247010819717
300,natural,162,-808.2247046875108
300,natural,163,-808.2247157294387
300,natural,164,-808.224717840709
300,natural,165,-808.224722623152
300,natural,166,-808.224727591987
300,natural,167,-808.2247308224096
300,natural,168,-808.2247388951317
300,natural,169,-808.224745568922
300,natural,170,-808.2247680813308
300,natural,171,-808.2247845077031
300,natural,172,-808.2248108088323
300,natural,173,-808.2248222927642
300,natural,174,-808.2248284008067
300,natural,175,-808.2248342842329
300,natural,176,-808.2248426333708
300,natural,177,-808.2248659953668
300,natural,178,-808.2248666652697
300,natural,179,-808.224868746198
300,natural,180,-808.2248753364847
300,natural,181,-808.2248817728962
300,natural,182,-808.2249017072105
300,natural,183,-808.2250208971682
300,natural,184,-808.2251105280294
300,natural,185,-808.2251139515997
300,natural,186,-808.225202499125
300,natural,187,-808.2254664019483
300,natural,188,-808.2255638696732
300,natural,189,-808.2256144750799
300,natural,190,-808.2256234488455
300,natural,191,-808.2259968311251
300,natural,192,-808.226246720668
300,natural,193,-808.226388482027
300,natural,194,-808.226498433351
300,natural,195,-808.2265143417283
300,natural,196,-808.2266056929532
300,natural,197,-808.2266922031056
300,natural,198,-808.2267577915612
300,natural,199,-808.2269347890988
300,natural,200,-808.2271125230913
300,natural,201,-808.2272363859862
300,natural,202,-808.2273012441774
300,natural,203,-808.2273447129265
300,natural,204,-808.2273751672589
300,natural,205,-808.2274046354314
300,natural,206,-808.227404864004
300,natural,207,-808.2274242496562
300,natural,208,-808.2274495732529
300,natural,209,-808.2274715573463
300,natural,210,-808.2274964459801
300,natural,211,-808.2275080917151
300,natural,212,-808.2275292335884
300,natural,213,-808.2275325787588
300,natural,214,-808.2275398602127
300,natural,215,-808.2275460886646
300,natural,216,-808.2275511304287
300,natural,217,-808.2275647482147
300,natural,218,-808.2275697050301
300,natural,219,-808.227585624206
300,natural,220,-808.2275878536407
300,natural,221,-808.2275927169154
300,natural,222,-808.2275975509715
300,natural,223,-808.2276005899629
300,natural,224,-808.2276098158237
300,natural,225,-808.2276107463097
300,natural,226,-808.2276164323811
300,natural,227,-808.2276169707678
300,natural,228,-808.2276208980567
300,natural,229,-808.2276260976327
300,natural,230,-808.2276278016851
300,natural,231,-808.2276351243172
300,natural,232,-808.2276445470825
300,natural,233,-808.22764762016
300,natural,234,-808.227657917927
300,natural,235,-808.2276583658938
300,natural,236,-808.2276710491717
300,natural,237,-808.2276742782565
300,natural,238,-808.2276798641026
300,natural,239,-808.227690851878
300,natural,240,-808.2276968536767
300,natural,241,-808.2277032598372
300,natural,242,-808.2277038350616
300,natural,243,-808.2277154504094
300,natural,244,-808.2277178589861
300,natural,245,-808.227720367897
300,natural,246,-808.2277266184311
300,natural,247,-808.2277300503193
300,natural,248,-808.2277378614804
300,natural,249,-808.2277733808161
300,natural,250,-808.2277824182568
300,natural,251,-808.2277892294129
300,natural,252,-808.2278909989625
300,natural,253,-808.2279399994503
300,natural,254,-808.2279889515797
300,natural,255,-808.2280026292744
300,natural,256,-808.2280348425303
300,natural,257,-808.2280673695562
300,natural,258,-808.2281315756404
300,natural,259,-808.2282059603233
300,natural,260,-808.2282179961493
300,natural,261,-808.2282657893974
300,natural,262,-808.228268622534
300,natural,263,-808.2282907989259
300,natural,264,-808.2283863929475
300,natural,265,-808.2283911174123
300,natural,266,-808.2283933916968
300,natural,267,-808.2286296512294
300,natural,268,-808.2286544735462
300,natural,269,-808.2287789559942
300,natural,270,-808.2290411656226
300,natural,271,-808.2292589632233
300,natural,272,-808.2294405223995
300,natural,273,-808.2294806383887
300,natural,274,-808.2295721875801
300,natural,275,-808.2296180929634
300,natural,276,-808.2296624497944
300,natural,277,-808.2297401141154
300,natural,278,-808.2297754052236
300,natural,279,-808.2298492157573
300,natural,280,-808.2298717457587
300,natural,281,-808.2299867529921
300,natural,282,-808.2299949665116
300,natural,283,-808.2300300420919
300,natural,284,-808.2301093929831
300,natural,285,-808.2301187419
300,natural,286,-808.2301555665035
300,natural,287,-808.2302023120126
300,natural,288,-808.2302749464695
300,natural,289,-808.230283825885
300,natural,290,-808.2303031796221
300,natural,291,-808.2303052360616
300,natural,292,-808.2303145573983
300,natural,293,-808.2303170971736
300,natural,294,-808.2303242262743
300,natural,295,-808.2303325867604
300,natural,296,-808.2303354942891
300,natural,297,-808.2303496679643
300,natural,298,-808.2303518912414
300,natural,299,-808.230361264666
300,natural,300,-808.2303656572107
300,natural,301,-808.2303706100175
300,natural,302,-808.2303794553947
300,natural,303,-808.2303809464347
300,natural,304,-808.2303883109347
300,natural,305,-808.2303913852985
300,natural,306,-808.2303936810074
300,natural,307,-808.2303955251326
300,natural,308,-808.2303974063693
300,natural,309,-808.230401490014
300,natural,310,-808.2304020085619
300,natural,311,-808.2304053081788
300,natural,312,-808.230406510505
300,natural,313,-808.2304089967225
300,natural,314,-808.2304129427229
300,natural,315,-808.2304150104421
300,natural,316,-808.230430180133
300,natural,317,-808.2307382879796
300,natural,318,-808.2308359235897
300,natural,319,-808.2311317258358
300,natural,320,-808.231379835063
300,natural,321,-808.2316694228152
300,natural,322,-808.2316856184219
300,natural,323,-808.2319698551285
300,natural,324,-808.2320213535498
300,natural,325,-808.2320617131502
300,natural,326,-808.2321111818585
300,natural,327,-808.2321739117182
300,natural,328,-808.232200943696
300,natural,329,-808.2322733286351
300,natural,330,-808.2324262516129
300,natural,331,-808.2324353468163
300,natural,332,-808.2325286733106
300,natural,333,-808.2325524926429
300,natural,334,-808.2325878567947
300,natural,335,-808.2326081259015
300,natural,336,-808.2326125848876
300,natural,337,-808.2326992984566
300,natural,338,-808.2327705640098
300,natural,339,-808.2328409239461
300,natural,340,-808.2328540321057
300,natural,341,-808.2328718917707
300,natural,342,-808.2328901919475
300,natural,343,-808.2329022123463
300,natural,344,-808.2329081240208
300,natural,345,-808.2329149182159
300,natural,346,-808.2329186280276
300,natural,347,-808.2329197362512
300,natural,348,-808.23293399398
300,natural,349,-808.2329382807549
300,natural,350,-808.2329469173819
300,natural,351,-808.2329577835255
300,natural,352,-808.2329641534469
300,natural,353,-808.2329913413688
300,natural,354,-808.232998660498
300,natural,355,-808.2330075507
300,natural,356,-808.2330082556657
300,natural,357,-808.2330130192182
300,natural,358,-808.2330178572748
300,natural,359,-808.2330250148764
300,natural,360,-808.233033199023
300,natural,361,-808.2330343446738
300,natural,362,-808.2330405831682
300,natural,363,-808.2330493510394
300,natural,364,-808.2330563826579
300,natural,365,-808.2330642147915
300,natural,366,-808.2331227776026
300,natural,367,-808.2331460106684
300,natural,368,-808.2331550544175
300,natural,369,-808.233252933601
300,natural,370,-808.2332932831699
300,natural,371,-808.2333516357425
300,natural,372,-808.2333826558482
300,natural,373,-808.2334577551596
300,natural,374,-808.2334683043817
300,natural,375,-808.2334878958955
300,natural,376,-808.2335080430839
300,natural,377,-808.233518063468
300,natural,378,-808.2335237216924
300,natural,379,-808.2335428598269
300,natural,380,-808.2335615289647
300,natural,381,-808.2335638600247
300,natural,382,-808.233573017001
300,natural,383,-808.2335781108162
300,natural,384,-808.2335836398805
300,natural,385,-808.2335859605522
300,natural,386,-808.2335891774102
300,natural,387,-808.2336035538978
300,natural,388,-808.2336111846503
300,natural,389,-808.2336203094485
300,natural,390,-808.2336258081732
300,natural,391,-808.233628486306
300,natural,392,-808.2336347096747
300,natural,393,-808.2336358309531
300,natural,394,-808.2336396995107
300,natural,395,-808.2336412514281
300,natural,396,-808.2336471447638
300,natural,397,-808.2336540206583
300,natural,398,-808.2336567852775
300,natural,399,-808.2336634053968
300,natural,400,-808.2336634377154
300,natural,401,-808.2336728697624
300,natural,402,-808.233693306167
300,natural,403,-808.2337142368755
300,natural,404,-808.2337250439367
300,natural,405,-808.2337267712825
300,natural,406,-808.2337397446465
300,natural,407,-808.2337460742065
300,natural,408,-808.233747656222
300,natural,409,-808.2337521041851
300,natural,410,-808.2337678030688
300,natural,411,-808.233779230881
300,natural,412,-808.233779835478
300,natural,413,-808.2337858698722
300,natural,414,-808.2337877580333
300,natural,415,-808.2338038888497
300,natural,416,-808.2338127322445
300,natural,417,-808.2338169673571
300,natural,418,-808.2338226444925
300,natural,419,-808.2338259706271
300,natural,420,-808.2338326084091
300,natural,421,-808.2338383749125
300,natural,422,-808.2338409055961
300,natural,423,-808.2338472159464
300,natural,424,-808.2338472762685
300,natural,425,-808.2338490253366
300,natural,426,-808.2338625278494
300,natural,427,-808.233863555098
300,natural,428,-808.2338789989485
300,natural,429,-808.2339113389983
300,natural,430,-808.2339193028354
300,natural,431,-808.2339530200377
300,natural,432,-808.233959100595
300,natural,433,-808.2339735798321
300,natural,434,-808.2339739266752
300,natural,435,-808.2339831706072
300,natural,436,-808.2339833173692
300,natural,437,-808.2339844912512
300,natural,438,-808.2339974953705
300,natural,439,-808.2340124832049
300,natural,440,-808.2340199740478
300,natural,441,-808.234021676356
300,natural,442,-808.234025529333
300,natural,443,-808.2340257541289
300,natural,444,-808.2340276248499
300,natural,445,-808.2340336928341
300,natural,446,-808.2340392106412
300,natural,447,-808.2340448657261
300,natural,448,-808.2340590380483
300,natural,449,-808.2340662585888
300,natural,450,-808.234079990169
300,natural,451,-808.2340831123172
300,natural,452,-808.2340926029322
300,natural,453,-808.2340971016098
300,natural,454,-808.2340989852531
300,natural,455,-808.2341052297237
300,natural,456,-808.2341258288595
300,natural,457,-808.2341357656782
300,natural,458,-808.2341749877552
300,natural,459,-808.2350164028577
300,natural,460,-808.2363215456226
300,natural,461,-808.2367326675416
300,natural,462,-808.2370735584585
300,natural,463,-808.2406212578773
300,natural,464,-808.2408198872316
300,natural,465,-808.2413155715057
300,natural,466,-808.2416330191987
300,natural,467,-808.2423288890177
300,natural,468,-808.2428709443184
300,natural,469,-808.2432221352635
300,natural,470,-808.2449101874217
300,natural,471,-808.2450769530225
300,natural,472,-808.2460408422768
300,natural,473,-808.2466145628654
300,natural,474,-808.2474689086071
300,natural,475,-808.249894549624
300,natural,476,-808.2502836118649
300,natural,477,-808.2513823067102
300,natural,478,-808.2522488082611
300,natural,479,-808.2535607349698
300,natural,480,-808.2553808122791
300,natural,481,-808.255803027176
300,natural,482,-808.2565576664456
300,natural,483,-808.2567882781623
300,natural,484,-808.2577892896533
300,natural,485,-808.2594712052143
300,natural,486,-808.2596965587583
300,natural,487,-808.2624621904249
300,natural,488,-808.2630177983933
300,natural,489,-808.2635787049888
300,natural,490,-808.2636747416203
300,natural,491,-808.2640934051767
300,natural,492,-808.2641084277693
300,natural,493,-808.2642752365265
300,natural,494,-808.2643094420376
300,natural,495,-808.2643438878779
300,natural,496,-808.2645417236558
300,natural,497,-808.2652713038815
300,natural,498,-808.2655724804026
300,natural,499,-808.2658115126586
300,natural,500,-808.2659582686194
300,natural,501,-808.2662060460509
300,natural,502,-808.2663223094034
300,natural,503,-808.2665737273937
300,natural,504,-808.2665872047909
300,natural,505,-808.2666170827675
300,natural,506,-808.2666315202338
300,natural,507,-808.2666337486911
300,natural,508,-808.2666470653787
300,natural,509,-808.2666890356777
300,natural,510,-808.2666910606268
300,natural,511,-808.2667198652773
300,natural,512,-808.266728866916
300,natural,513,-808.2667408080032
300,natural,514,-808.2667446695983
300,natural,515,-808.2667454317234
300,natural,516,-808.2667850353198
300,natural,517,-808.2667968041135
300,natural,518,-808.266810378799
300,natural,519,-808.2668187321311
300,natural,520,-808.2668273247507
300,natural,521,-808.2668553250385
300,natural,522,-808.2668643215136
300,natural,523,-808.2668735178642
300,natural,524,-808.2668792536016
300,natural,525,-808.2668866073684
300,natural,526,-808.2668972995308
300,natural,527,-808.2669020340237
300,natural,528,-808.2669117786
300,natural,529,-808.2669123006365
300,natural,530,-808.266922982603
300,natural,531,-808.2669583516738
300,natural,532,-808.2669734868292
300,natural,533,-808.266996524831
300,natural,534,-808.2670205589259
300,natural,535,-808.2670262735608
300,natural,536,-808.2670336494273
300,natural,537,-808.2670469308885
300,natural,538,-808.2670709407805
300,natural,539,-808.2670718775292
300,natural,540,-808.2670873503648
300,natural,541,-808.267099123303
300,natural,542,-808.2671067223837
300,natural,543,-808.2671160587374
300,natural,544,-808.2671216848785
300,natural,545,-808.2671365528296
300,natural,546,-808.2671383197057
300,natural,547,-808.2671473571365
300,natural,548,-808.2671488286453
300,natural,549,-808.2671518776041
300,natural,550,-808.2671560566051
300,natural,551,-808.2671580971847
300,natural,552,-808.2671622751742
300,natural,553,-808.2671736096444
300,natural,554,-808.267179947316
300,natural,555,-808.2672056555477
300,natural,556,-808.2672118992043
300,natural,557,-808.2672268068204
300,natural,558,-808.267232281353
300,natural,559,-808.2672390143763
300,natural,560,-808.267251031362
300,natural,561,-808.2672519992582
300,natural,562,-808.2672608022303
300,natural,563,-808.2672668999135
300,natural,564,-808.2672791765551
300,natural,565,-808.2672833503302
300,natural,566,-808.2672841207859
300,natural,567,-808.267303625694
300,natural,568,-808.267312217466
300,natural,569,-808.2673257908801
300,natural,570,-808.2673723331309
300,natural,571,-808.267527820661
300,natural,572,-808.2675575393068
300,natural,573,-808.2678544793055
300,natural,574,-808.268241712451
300,natural,575,-808.2683812393351
300,natural,576,-808.2686790626428
300,natural,577,-808.2687922331079
300,natural,578,-808.2690719535073
300,natural,579,-808.2690814312823
300,natural,580,-808.2692033089887
300,natural,581,-808.2693895021192
300,natural,582,-808.2695018555271
300,natural,583,-808.2695734674776
300,natural,584,-808.2696276710648
300,natural,585,-808.2698327503554
300,natural,586,-808.2698618565307
300,natural,587,-808.2699241431562
300,natural,588,-808.2699389193892
300,natural,589,-808.2699823900174
300,natural,590,-808.2701360104185
300,natural,591,-808.2701695651846
300,natural,592,-808.270245566409
300,natural,593,-808.2702653090327
300,natural,594,-808.2703009016103
300,natural,595,-808.2703103888792
300,natural,596,-808.2703269262516
300,natural,597,-808.2703279628245
300,natural,598,-808.2703408542853
300,natural,599,-808.2703487376448
300,natural,600,-808.2703524914563
300,natural,601,-808.2703700602718
300,natural,602,-808.2703788184839
300,natural,603,-808.2703937981471
300,natural,604,-808.270395420746
300,natural,605,-808.2704024804693
300,natural,606,-808.2704086000662
300,natural,607,-808.2704101837525
300,natural,608,-808.2704228235762
300,natural,609,-808.270427806666
300,natural,610,-808.2704339030163
300,natural,611,-808.2704369372736
300,natural,612,-808.2704412696307
300,natural,613,-808.2704459704747
300,natural,614,-808.2704486859652
300,natural,615,-808.2704541256836
300,natural,616,-808.2704599503871
300,natural,617,-808.2704609690819
300,natural,618,-808.2704820621519
300,natural,619,-808.270488099746
300,natural,620,-808.2704982035409
300,natural,621,-808.2705072887533
300,natural,622,-808.2705282710347
300,natural,623,-808.2705421729407
300,natural,624,-808.2705597355811
300,natural,625,-808.2705716826775
300,natural,626,-808.2705771400229
300,natural,627,-808.2705810586932
300,natural,628,-808.2705944449614
300,natural,629,-808.2705966194278
300,natural,630,-808.270603454137
300,natural,631,-808.2706072079535
300,natural,632,-808.270610795847
300,natural,633,-808.270617369166
300,natural,634,-808.2706215866458
300,natural,635,-808.2706257386441
300,natural,636,-808.27064156456
300,natural,637,-808.2706624172127
300,natural,638,-808.2707188534472
300,natural,639,-808.2708887146122
300,natural,640,-808.2709069363577
300,natural,641,-808.2710344438391
300,natural,642,-808.2710367913679
300,natural,643,-808.271050360313
300,natural,644,-808.2710524176651
300,natural,645,-808.27107116337
300,natural,646,-808.2710847243002
300,natural,647,-808.2711091182623
300,natural,648,-808.2711105821372
300,natural,649,-808.2711136438459
300,natural,650,-808.2711179464061
300,natural,651,-808.2711208786326
300,natural,652,-808.2711330833185
300,natural,653,-808.2711414816861
300,natural,654,-808.271146585562
300,natural,655,-808.2711476914885
300,natural,656,-808.2711515773781
300,natural,657,-808.2711531904989
300,natural,658,-808.271155782757
300,natural,659,-808.2711578501569
300,natural,660,-808.2711584805897
1000,split,0,7.675924307701767
1000,split,1,7.458454056105436
1000,split,2,-695.3771631312624
1000,split,3,-1687.4195685649054
1000,split,4,-1838.405994545727
1000,split,5,-2495.2537539504
1000,split,6,-2632.06625501329
1000,split,7,-2776.575446752637
1000,split,8,-2814.709354207379
1000,split,9,-2835.503591729457
1000,split,10,-2836.8533763412174
1000,split,11,-2837.8421273455456
1000,split,12,-2838.9953956415216
1000,split,13,-2839.178571081032
1000,split,14,-2839.7170096563827
1000,split,15,-2839.961532848929
1000,split,16,-2840.27708259093
1000,split,17,-2840.6798798447767
1000,split,18,-2841.925349378245
1000,split,19,-2842.0779556617563
1000,split,20,-2842.3666200266402
1000,split,21,-2842.5221809873487
1000,split,22,-2842.7952117574887
1000,split,23,-2842.8407203390566
1000,split,24,-2842.953597509501
1000,split,25,-2842.9978524798653
1000,split,26,-2843.086168844132
1000,split,27,-2843.1099529906787
1000,split,28,-2843.215848451084
1000,split,29,-2843.312056463201
1000,split,30,-2843.4221648239436
1000,split,31,-2843.44477262255
1000,split,32,-2843.502370217307
1000,split,33,-2843.6782185957168
1000,split,34,-2843.7490342309857
1000,split,35,-2843.7910540988782
1000,split,36,-2843.7974357126755
1000,split,37,-2843.856689485884
1000,split,38,-2843.880854056159
1000,split,39,-2843.9077766809296
1000,split,40,-2843.922588944425
1000,split,41,-2843.938666625093
1000,split,42,-2843.9862177571717
1000,split,43,-2844.000127299934
1000,split,44,-2844.041094958939
1000,split,45,-2844.0618589068617
1000,split,46,-2844.117509272709
1000,split,47,-2844.1299521024275
1000,split,48,-2844.3951451060752
1000,split,49,-2844.4184095285655
1000,split,50,-2844.436960860819
1000,split,51,-2844.4840989233344
1000,split,52,-2844.509837107492
1000,split,53,-2844.5298235623613
1000,split,54,-2844.541526189402
1000,split,55,-2844.557688837422
1000,split,56,-2844.63539387026
1000,split,57,-2844.982763462741
1000,split,58,-2844.9984140827155
1000,split,59,-2845.0286344996725
1000,split,60,-2845.0395752409527
1000,split,61,-2845.065874551131
1000,split,62,-2845.0854951336655
1000,split,63,-2845.1274082356263
1000,split,64,-2845.279335953439
1000,split,65,-2845.2857237701287
1000,split,66,-2845.338592190177
1000,split,67,-2845.3900714509386
1000,split,68,-2845.4121267496894
1000,split,69,-2845.424297132975
1000,split,70,-2845.449496147553
1000,split,71,-2845.552217243725
1000,split,72,-2845.583273759822
1000,split,73,-2845.604636625322
1000,split,74,-2845.6145913473083
1000,split,75,-2845.6455489914906
1000,split,76,-2845.7726523035094
1000,split,77,-2845.7769788152564
1000,split,78,-2845.8008784968556
1000,split,79,-2845.820145575064
1000,split,80,-2845.852696494267
1000,split,81,-2845.863851448974
1000,split,82,-2845.880776730112
1000,split,83,-2845.8848724824165
1000,split,84,-2845.892913486593
1000,split,85,-2845.9320434439696
1000,split,86,-2846.1236700983
1000,split,87,-2846.6332374585463
1000,split,88,-2846.865186515918
1000,split,89,-2846.8861488606517
1000,split,90,-2846.91200646961
1000,split,91,-2846.922238717095
1000,split,92,-2846.9322906072284
1000,split,93,-2846.941599772085
1000,split,94,-2846.94650322824
1000,split,95,-2846.9538823648863
1000,split,96,-2846.960973390931
1000,split,97,-2846.9757004049907
1000,split,98,-2846.977410783721
1000,split,99,-2847.0163691117687
1000,split,100,-2847.0175111613976
1000,split,101,-2847.021737147395
1000,split,102,-2847.0404287020906
1000,split,103,-2847.131312660201
1000,split,104,-2847.3494573571265
1000,split,105,-2847.376366032611
1000,split,106,-2847.3853978347383
1000,split,107,-2847.3885599837963
1000,split,108,-2847.4018819030657
1000,split,109,-2847.411021908186
1000,split,110,-2847.4216592493003
1000,split,111,-2847.446998837494
1000,split,112,-2847.4502316152284
1000,split,113,-2847.473181324239
1000,split,114,-2847.485272782806
1000,split,115,-2847.502909365713
1000,split,116,-2847.5178765967785
1000,split,117,-2847.518703329181
1000,split,118,-2847.521761212881
1000,split,119,-2847.5363536659183
1000,split,120,-2847.60799164711
1000,split,121,-2847.9461393095835
1000,split,122,-2848.4157037003956
1000,split,123,-2848.5410246984657
1000,split,124,-2848.588261935999
1000,split,125,-2848.619319815401
1000,split,126,-2848.6300774766673
1000,split,127,-2848.6349013883023
1000,split,128,-2848.640418951719
1000,split,129,-2848.656775513874
1000,split,130,-2848.6622988777344
1000,split,131,-2848.668070179251
1000,split,132,-2848.681734679813
1000,split,133,-2848.6865463803842
1000,split,134,-2848.7042036096414
1000,split,135,-2848.708862031434
1000,split,136,-2848.709234186412
1000,split,137,-2848.7160773634023
1000,split,138,-2848.719492978778
1000,split,139,-2848.7234297475748
1000,split,140,-2848.7265193280596
1000,split,141,-2848.737596816098
1000,split,142,-2848.745861065203
1000,split,143,-2848.755694816949
1000,split,144,-2848.7575093661867
1000,split,145,-2848.7606828595135
1000,split,146,-2848.775850859528
1000,split,147,-2848.8503424999253
1000,split,148,-2849.201649291419
1000,split,149,-2849.924017000589
1000,split,150,-2850.070789492052
1000,split,151,-2850.0820034295566
1000,split,152,-2850.1094933752347
1000,split,153,-2850.2175820812718
1000,split,154,-2850.235395803108
1000,split,155,-2850.2369076734085
1000,split,156,-2850.238191298588
1000,split,157,-2850.2399063607754
1000,split,158,-2850.2474846003133
1000,split,159,-2850.284816301424
1000,split,160,-2850.3037810419896
1000,split,161,-2850.3181513041723
1000,split,162,-2850.3253400146177
1000,split,163,-2850.325666000249
1000,split,164,-2850.3265188453956
1000,split,165,-2850.330439639806
1000,split,166,-2850.3490204757754
1000,split,167,-2850.3546899313055
1000,split,168,-2850.3599661143444
1000,split,169,-2850.3712067999822
1000,split,170,-2850.3756279484046
1000,split,171,-2850.3791519566316
1000,split,172,-2850.380362672809
1000,split,173,-2850.383684128545
1000,split,174,-2850.3859683456085
1000,split,175,-2850.392383544782
1000,split,176,-2850.4210617323283
1000,split,177,-2850.5565571708585
1000,split,178,-2851.105704298643
1000,split,179,-2851.346521866362
1000,split,180,-2851.9292286932064
1000,split,181,-2852.171024047045
1000,split,182,-2852.55142955426
1000,split,183,-2852.5599157271913
1000,split,184,-2852.5617375064107
1000,split,185,-2852.5757918336562
1000,split,186,-2852.5773847273954
1000,split,187,-2852.5825565434975
1000,split,188,-2852.5851970675485
1000,split,189,-2852.5950948875716
1000,split,190,-2852.5977395794143
1000,split,191,-2852.59898105526
1000,split,192,-2852.6018794369816
1000,split,193,-2852.6023220626294
1000,split,194,-2852.6028252698316
1000,split,195,-2852.6051401937675
1000,split,196,-2852.6056067805116
1000,split,197,-2852.6085987965594
1000,split,198,-2852.621161636626
1000,split,199,-2852.667465414784
1000,split,200,-2852.669266902602
1000,split,201,-2852.6730858490446
1000,split,202,-2852.6757485278285
1000,split,203,-2852.677001772951
1000,split,204,-2852.678906903515
1000,split,205,-2852.686021235088
1000,split,206,-2852.7191260917007
1000,split,207,-2852.869599443042
1000,split,208,-2853.442536212907
1000,split,209,-2853.581662800567
1000,split,210,-2853.7855945314627
1000,split,211,-2853.7856230793723
1000,split,212,-2853.788593085778
1000,split,213,-2853.7893280475155
1000,split,214,-2853.7905867037034
1000,split,215,-2853.7917197675447
1000,split,216,-2853.793656891367
1000,split,217,-2853.7953472910945
1000,split,218,-2853.795752650274
1000,split,219,-2853.796827335849
1000,split,220,-2853.8020895003797
1000,split,221,-2853.827725346255
1000,split,222,-2853.9445306415564
1000,split,223,-2854.379955477911
1000,split,224,-2854.693389586514
1000,split,225,-2854.8451448183114
1000,split,226,-2854.8465186417916
1000,split,227,-2854.8533569279844
1000,split,228,-2854.857252368644
1000,split,229,-2854.8618510845495
1000,split,230,-2854.8622448871533
1000,split,231,-2854.862335636818
1000,split,232,-2854.8625158099203
1000,split,233,-2854.8627792970756
1000,split,234,-2854.8634623188136
1000,split,235,-2854.863600546784
1000,split,236,-2854.863956817365
1000,split,237,-2854.8656870945747
1000,split,238,-2854.8741154657223
1000,split,239,-2854.9132808926474
1000,split,240,-2855.063709421109
1000,split,241,-2855.2706294383615
1000,split,242,-2855.3102771024323
1000,split,243,-2855.3120932517827
1000,split,244,-2855.312367155084
1000,split,245,-2855.3130224281913
1000,split,246,-2855.3131561958076
1000,split,247,-2855.313210456003
1000,split,248,-2855.313623505586
1000,split,249,-2855.314120395675
1000,split,250,-2855.316153630496
1000,split,251,-2855.325709446271
1000,split,252,-2855.3656687236266
1000,split,253,-2855.478395582109
1000,split,254,-2855.502056445511
1000,split,255,-2855.510624920009
1000,split,256,-2855.5142210733534
1000,split,257,-2855.5142708902317
1000,split,258,-2855.5143146659966
1000,split,259,-2855.5144636832497
1000,split,260,-2855.5151018880283
1000,split,261,-2855.517982223818
1000,split,262,-2855.519525240287
1000,split,263,-2855.5195464698113
1000,split,264,-2855.5197371451445
1000,split,265,-2855.519792687645
1000,split,266,-2855.5198282783426
1000,split,267,-2855.519989071753
1000,split,268,-2855.520651532293
1000,split,269,-2855.522783234146
1000,split,270,-2855.5264439710563
1000,split,271,-2855.527911750759
1000,split,272,-2855.527987583792
1000,split,273,-2855.527988252603
1000,split,274,-2855.5279882532373
1000,natural,0,7.675924307701767
1000,natural,1,-1003.4799746602953
1000,natural,2,-1853.2204821745875
1000,natural,3,-2409.7928596393417
1000,natural,4,-2713.1321044828765
1000,natural,5,-2784.0917889483608
1000,natural,6,-2806.755711049637
1000,natural,7,-2827.2675499271672
1000,natural,8,-2843.7647505775035
1000,natural,9,-2845.230083671898
1000,natural,10,-2847.213101439201
1000,natural,11,-2848.373171985797
1000,natural,12,-2849.132364529488
1000,natural,13,-2849.568147450818
1000,natural,14,-2850.0108917982107
1000,natural,15,-2850.0971962634158
1000,natural,16,-2850.3051312559696
1000,natural,17,-2850.6237939271887
1000,natural,18,-2850.656430878958
1000,natural,19,-2850.706030346144
1000,natural,20,-2850.710598631783
1000,natural,21,-2850.7884007453126
1000,natural,22,-2850.839533467142
1000,natural,23,-2850.8737259148484
1000,natural,24,-2850.8951164314353
1000,natural,25,-2850.9137402911015
1000,natural,26,-2850.9257517782075
1000,natural,27,-2850.9481718698403
1000,natural,28,-2850.9850944765017
1000,natural,29,-2850.991915326655
1000,natural,30,-2851.017740718772
1000,natural,31,-2851.0419264370385
1000,natural,32,-2851.0546141037075
1000,natural,33,-2851.0608552405165
1000,natural,34,-2851.073004097841
1000,natural,35,-2851.1116296713994
1000,natural,36,-2851.115913618341
1000,natural,37,-2851.119689491442
1000,natural,38,-2851.121348835002
1000,natural,39,-2851.1295151334502
1000,natural,40,-2851.131427316315
1000,natural,41,-2851.1335155701763
1000,natural,42,-2851.134639519029
1000,natural,43,-2851.137437845993
1000,natural,44,-2851.1397725846887
1000,natural,45,-2851.140787235748
1000,natural,46,-2851.140842772632
1000,natural,47,-2851.1411990348834
1000,natural,48,-2851.1423593771437
1000,natural,49,-2851.1424072746586
1000,natural,50,-2851.143667419538
1000,natural,51,-2851.1437520080344
1000,natural,52,-2851.144373844234
1000,natural,53,-2851.1445442297486
1000,natural,54,-2851.1449300697996
1000,natural,55,-2851.1450182152853
1000,natural,56,-2851.14520606656
1000,natural,57,-2851.1452842842054
1000,natural,58,-2851.1453338857136
1000,natural,59,-2851.1453411755824
1000,natural,60,-2851.1453827969053
1000,natural,61,-2851.145558706327
1000,natural,62,-2851.1455703163656
1000,natural,63,-2851.14564167868
1000,natural,64,-2851.145673669792
1000,natural,65,-2851.1457033237853
1000,natural,66,-2851.1457529059508
1000,natural,67,-2851.145757603289
1000,natural,68,-2851.145760726571
1000,natural,69,-2851.145764734329
1000,natural,70,-2851.1457647625625
1000,natural,71,-2851.145767995321
1000,natural,72,-2851.145768318999
1000,natural,73,-2851.1457728565047
1000,natural,74,-2851.1457804566844
1000,natural,75,-2851.1457838600063
1000,natural,76,-2851.1457900407413
1000,natural,77,-2851.1457987571425
1000,natural,78,-2851.145803048333
1000,natural,79,-2851.1458052500784
1000,natural,80,-2851.1458063804957
1000,natural,81,-2851.145809496113
1000,natural,82,-2851.145810244722
1000,natural,83,-2851.1458138793223
1000,natural,84,-2851.1458150497238
1000,natural,85,-2851.145815675999
1000,natural,86,-2851.1458165385698
1000,natural,87,-2851.145817486522
1000,natural,88,-2851.1458185608058
1000,natural,89,-2851.1458193112144
1000,natural,90,-2851.145822061237
1000,natural,91,-2851.145824439402
1000,natural,92,-2851.1458250082005
1000,natural,93,-2851.1458283304983
1000,natural,94,-2851.145828931084
1000,natural,95,-2851.145831563631
1000,natural,96,-2851.1458318836994
1000,natural,97,-2851.145833834969
1000,natural,98,-2851.1458392995055
1000,natural,99,-2851.145840834288
1000,natural,100,-2851.145846106251
1000,natural,101,-2851.145849311008
1000,natural,102,-2851.145850420103
1000,natural,103,-2851.1458518498935
1000,natural,104,-2851.1458520411747
1000,natural,105,-2851.145864894866
1000,natural,106,-2851.1458763432165
1000,natural,107,-2851.145883057064
1000,natural,108,-2851.1458879633674
1000,natural,109,-2851.145888495389
1000,natural,110,-2851.145888997563
1000,natural,111,-2851.1458914434616
1000,natural,112,-2851.1458939973654
1000,natural,113,-2851.145894258892
1000,natural,114,-2851.1458967411563
1000,natural,115,-2851.1458981291935
1000,natural,116,-2851.145899149035
1000,natural,117,-2851.145899975449
1000,natural,118,-2851.1459146222965
1000,natural,119,-2851.145915062034
1000,natural,120,-2851.1459164445646
1000,natural,121,-2851.145919291
1000,natural,122,-2851.145925475356
1000,natural,123,-2851.145927789066
1000,natural,124,-2851.1459288758306
1000,natural,125,-2851.1459346091597
1000,natural,126,-2851.145938015759
1000,natural,127,-2851.1459405182927
1000,natural,128,-2851.1459407674365
1000,natural,129,-2851.145942764099
1000,natural,130,-2851.145944332284
1000,natural,131,-2851.145945715019
1000,natural,132,-2851.1459484910038
1000,natural,133,-2851.1459508028397
1000,natural,134,-2851.1459537998794
1000,natural,135,-2851.1459563197855
1000,natural,136,-2851.1459571599057
1000,natural,137,-2851.1459598515708
1000,natural,138,-2851.1459615878985
1000,natural,139,-2851.1459630580607
1000,natural,140,-2851.1459794640678
1000,natural,141,-2851.1459803994703
1000,natural,142,-2851.1459804250835
1000,natural,143,-2851.1459829414703
1000,natural,144,-2851.145990276963
1000,natural,145,-2851.1459924430837
1000,natural,146,-2851.145995052113
1000,natural,147,-2851.1459973123797
1000,natural,148,-2851.1459994855086
1000,natural,149,-2851.146004508342
1000,natural,150,-2851.146012265274
1000,natural,151,-2851.1460177983085
1000,natural,152,-2851.146025807749
1000,natural,153,-2851.1460263458753
1000,natural,154,-2851.146028835262
1000,natural,155,-2851.14602949849
1000,natural,156,-2851.146030577425
1000,natural,157,-2851.146032887906
1000,natural,158,-2851.1460336431246
1000,natural,159,-2851.146034115457
1000,natural,160,-2851.1460362580824
1000,natural,161,-2851.1460378691836
1000,natural,162,-2851.1460381842435
1000,natural,163,-2851.146040815209
1000,natural,164,-2851.146041634224
1000,natural,165,-2851.146046798095
1000,natural,166,-2851.146048073688
1000,natural,167,-2851.146050175011
1000,natural,168,-2851.146052868866
1000,natural,169,-2851.1460537007506
1000,natural,170,-2851.1460688991115
1000,natural,171,-2851.1460748833924
1000,natural,172,-2851.1460775682685
1000,natural,173,-2851.146093003642
1000,natural,174,-2851.1461004618363
1000,natural,175,-2851.1461485168
1000,natural,176,-2851.146160549313
1000,natural,177,-2851.1462093680343
1000,natural,178,-2851.146219106846
1000,natural,179,-2851.1462375491146
1000,natural,180,-2851.1462380673343
1000,natural,181,-2851.146248306006
1000,natural,182,-2851.146248511554
1000,natural,183,-2851.1462605118854
1000,natural,184,-2851.1462658995147
1000,natural,185,-2851.146269702567
1000,natural,186,-2851.1462731143047
1000,natural,187,-2851.146274001855
1000,natural,188,-2851.146276945283
1000,natural,189,-2851.1462784958826
1000,natural,190,-2851.1462813007224
1000,natural,191,-2851.146281556121
1000,natural,192,-2851.146286795923
1000,natural,193,-2851.1462911538924
1000,natural,194,-2851.146293127296
1000,natural,195,-2851.1463001400466
1000,natural,196,-2851.14630104606
1000,natural,197,-2851.146302413983
1000,natural,198,-2851.1463028158023
1000,natural,199,-2851.1463045407654
1000,natural,200,-2851.1463049915214
1000,natural,201,-2851.1463052021427
1000,natural,202,-2851.1463096737466
1000,natural,203,-2851.1463099229813
1000,natural,204,-2851.146310400991
1000,natural,205,-2851.1463141464096
1000,natural,206,-2851.1463181652916
1000,natural,207,-2851.1463282286754
1000,natural,208,-2851.1463290098172
1000,natural,209,-2851.1463330552183
1000,natural,210,-2851.146340081723
1000,natural,211,-2851.1464086867377
1000,natural,212,-2851.146412926314
1000,natural,213,-2851.146423470785
1000,natural,214,-2851.1464306834023
1000,natural,215,-2851.1464410173853
1000,natural,216,-2851.146450343226
1000,natural,217,-2851.146450746617
1000,natural,218,-2851.1464533816916
1000,natural,219,-2851.1464873132986
1000,natural,220,-2851.146498416498
1000,natural,221,-2851.146499807546
1000,natural,222,-2851.1465040383596
1000,natural,223,-2851.146504114805
1000,natural,224,-2851.1465041541105
1000,natural,225,-2851.14651861058
1000,natural,226,-2851.1465214728432
1000,natural,227,-2851.14652971638
1000,natural,228,-2851.1465373343212
1000,natural,229,-2851.1465414521335
1000,natural,230,-2851.146542028681
1000,natural,231,-2851.14654517572
1000,natural,232,-2851.1465465922684
1000,natural,233,-2851.1465477831853
1000,natural,234,-2851.14654877534
1000,natural,235,-2851.146549135271
1000,natural,236,-2851.1465517963425
1000,natural,237,-2851.1465578717994
1000,natural,238,-2851.1465582741266
1000,natural,239,-2851.146559243856
1000,natural,240,-2851.146559723845
2905,split,0,19.468483043760514
2905,split,1,19.056208435497073
2905,split,2,16.961723702337547
2905,split,3,16.130952472688588
2905,split,4,16.128406595730844
2905,split,5,-1467.9043384297638
2905,split,6,-4422.3541184972655
2905,split,7,-4919.928013469797
2905,split,8,-7012.114115825543
2905,split,9,-7177.567995798101
2905,split,10,-7501.291472059669
2905,split,11,-7561.280459955233
2905,split,12,-7679.537185496949
2905,split,13,-7716.304107301473
2905,split,14,-7786.357145689252
2905,split,15,-7842.992258409171
2905,split,16,-7896.665365755614
2905,split,17,-7897.064535834861
2905,split,18,-7902.098729563653
2905,split,19,-7902.581648772515
2905,split,20,-7903.907391036474
2905,split,21,-7904.928729992624
2905,split,22,-7906.302740795988
2905,split,23,-7906.6874407921505
2905,split,24,-7907.278361837844
2905,split,25,-7907.30669588921
2905,split,26,-7908.98614541122
2905,split,27,-7909.10934580047
2905,split,28,-7910.01280825601
2905,split,29,-7910.8729109618225
2905,split,30,-7911.34399531191
2905,split,31,-7912.28024285985
2905,split,32,-7912.666182750872
2905,split,33,-7912.832926217985
2905,split,34,-7913.488001138748
2905,split,35,-7913.685112593488
2905,split,36,-7913.903395367861
2905,split,37,-7914.403991347702
2905,split,38,-7914.777771539203
2905,split,39,-7915.12446944329
2905,split,40,-7915.63318444113
2905,split,41,-7915.970726082968
2905,split,42,-7916.3868890337235
2905,split,43,-7916.837657948652
2905,split,44,-7917.152638727362
2905,split,45,-7917.376226726208
2905,split,46,-7917.734168677757
2905,split,47,-7917.890483954949
2905,split,48,-7918.028493448069
2905,split,49,-7918.398813011734
2905,split,50,-7919.903989120737
2905,split,51,-7919.985577766454
2905,split,52,-7920.446340223297
2905,split,53,-7920.871362970267
2905,split,54,-7920.993816428129
2905,split,55,-7921.106307094463
2905,split,56,-7921.289592863479
2905,split,57,-7922.172632838317
2905,split,58,-7922.355036204231
2905,split,59,-7922.508515206324
2905,split,60,-7922.724789780339
2905,split,61,-7922.943802641636
2905,split,62,-7923.99240725675
2905,split,63,-7924.16483343634
2905,split,64,-7924.580691557863
2905,split,65,-7924.846171951743
2905,split,66,-7925.05645757459
2905,split,67,-7926.074346454421
2905,split,68,-7926.141419464206
2905,split,69,-7926.251373035632
2905,split,70,-7926.740242311459
2905,split,71,-7926.760695910063
2905,split,72,-7927.02164019358
2905,split,73,-7927.1665881013405
2905,split,74,-7927.289608446394
2905,split,75,-7927.345718415825
2905,split,76,-7927.403901570366
2905,split,77,-7927.451029032625
2905,split,78,-7927.587568116426
2905,split,79,-7928.263259145462
2905,split,80,-7931.5259906271385
2905,split,81,-7934.863682346455
2905,split,82,-7938.28117801361
2905,split,83,-7938.651769109861
2905,split,84,-7938.93147864032
2905,split,85,-7938.965635333446
2905,split,86,-7939.010313944274
2905,split,87,-7939.118089605976
2905,split,88,-7939.150614495526
2905,split,89,-7939.219595910499
2905,split,90,-7939.297039432852
2905,split,91,-7939.676593430775
2905,split,92,-7941.409651132627
2905,split,93,-7941.483073474672
2905,split,94,-7941.539382083262
2905,split,95,-7941.694520225217
2905,split,96,-7941.737297740616
2905,split,97,-7941.985502995587
2905,split,98,-7941.993427797961
2905,split,99,-7942.081529679726
2905,split,100,-7942.190098034374
2905,split,101,-7942.237238151952
2905,split,102,-7942.459422381365
2905,split,103,-7942.552691821199
2905,split,104,-7942.687638937084
2905,split,105,-7942.8313767134805
2905,split,106,-7942.86020455013
2905,split,107,-7942.983315072867
2905,split,108,-7943.061773452916
2905,split,109,-7943.190418690735
2905,split,110,-7943.223268609861
2905,split,111,-7943.2621087537
2905,split,112,-7943.34961066725
2905,split,113,-7943.779747071079
2905,split,114,-7945.780209488062
2905,split,115,-7945.88678604515
2905,split,116,-7945.892010559985
2905,split,117,-7945.892256370621
2905,split,118,-7946.095730176585
2905,split,119,-7946.130318033679
2905,split,120,-7946.19157302747
2905,split,121,-7946.219250409501
2905,split,122,-7946.338959538869
2905,split,123,-7946.523629000784
2905,split,124,-7946.551632599731
2905,split,125,-7946.730141647903
2905,split,126,-7946.751942203339
2905,split,127,-7946.793736454265
2905,split,128,-7946.817757937535
2905,split,129,-7946.879705146576
2905,split,130,-7946.891289554907
2905,split,131,-7946.945339983442
2905,split,132,-7946.965165974773
2905,split,133,-7947.023043576802
2905,split,134,-7947.107498823194
2905,split,135,-7947.212133603617
2905,split,136,-7947.296868468305
2905,split,137,-7947.315742304316
2905,split,138,-7947.480019507807
2905,split,139,-7947.588923193045
2905,split,140,-7947.6575286612715
2905,split,141,-7947.702907854775
2905,split,142,-7947.745793633106
2905,split,143,-7947.8539987596305
2905,split,144,-7947.878435220159
2905,split,145,-7947.909189496271
2905,split,146,-7947.974436983341
2905,split,147,-7948.2878330318235
2905,split,148,-7948.315293430215
2905,split,149,-7948.358738673744
2905,split,150,-7948.4132551799385
2905,split,151,-7948.47621759707
2905,split,152,-7948.5184050374455
2905,split,153,-7948.550158251885
2905,split,154,-7948.583231052937
2905,split,155,-7948.605667324227
2905,split,156,-7948.659623680554
2905,split,157,-7948.732035140352
2905,split,158,-7948.78611913833
2905,split,159,-7948.798543609005
2905,split,160,-7948.823823173502
2905,split,161,-7948.947807302279
2905,split,162,-7949.560671455624
2905,split,163,-7952.474717642833
2905,split,164,-7963.158154823323
2905,split,165,-7963.960335752993
2905,split,166,-7964.174883234214
2905,split,167,-7964.322698659409
2905,split,168,-7964.414567047983
2905,split,169,-7964.441213479288
2905,split,170,-7964.468682550332
2905,split,171,-7964.497755609365
2905,split,172,-7964.553727088246
2905,split,173,-7964.623538329047
2905,split,174,-7964.959894089064
2905,split,175,-7966.573432384883
2905,split,176,-7970.099797370618
2905,split,177,-7970.812377064433
2905,split,178,-7971.13460521296
2905,split,179,-7971.355163581772
2905,split,180,-7971.711557757154
2905,split,181,-7971.744121607058
2905,split,182,-7971.757732989167
2905,split,183,-7971.777864380125
2905,split,184,-7971.801247001044
2905,split,185,-7971.844051392975
2905,split,186,-7972.044632381825
2905,split,187,-7972.055097312351
2905,split,188,-7972.064284992779
2905,split,189,-7972.112490481893
2905,split,190,-7972.163989409882
2905,split,191,-7972.408091099116
2905,split,192,-7972.424373695895
2905,split,193,-7972.44179392434
2905,split,194,-7972.455001944304
2905,split,195,-7972.467491130982
2905,split,196,-7972.481908972785
2905,split,197,-7972.513588321383
2905,split,198,-7972.668158277524
2905,split,199,-7973.421322266976
2905,split,200,-7973.4325422776865
2905,split,201,-7973.442080932386
2905,split,202,-7973.48437971743
2905,split,203,-7973.496258554596
2905,split,204,-7973.514594083201
2905,split,205,-7973.57404168282
2905,split,206,-7973.582910516163
2905,split,207,-7973.636267477053
2905,split,208,-7973.664131449712
2905,split,209,-7973.684134358752
2905,split,210,-7973.695407554485
2905,split,211,-7973.715860093266
2905,split,212,-7973.716078518792
2905,split,213,-7973.761674646776
2905,split,214,-7973.784879662663
2905,split,215,-7973.794156816346
2905,split,216,-7973.8022921879565
2905,split,217,-7973.838629118941
2905,split,218,-7973.849544416267
2905,split,219,-7973.885926094897
2905,split,220,-7974.065140991259
2905,split,221,-7974.93673851773
2905,split,222,-7974.98239536276
2905,split,223,-7975.071789260485
2905,split,224,-7975.084160077214
2905,split,225,-7975.115243273457
2905,split,226,-7975.134648457084
2905,split,227,-7975.138536722694
2905,split,228,-7975.164972913491
2905,split,229,-7975.183887665921
2905,split,230,-7975.193037753974
2905,split,231,-7975.218740220001
2905,split,232,-7975.235703074339
2905,split,233,-7975.244310764724
2905,split,234,-7975.246622508412
2905,split,235,-7975.305088042165
2905,split,236,-7975.328924089892
2905,split,237,-7975.336482590412
2905,split,238,-7975.34536797105
2905,split,239,-7975.39212467654
2905,split,240,-7975.401953337135
2905,split,241,-7975.402880087007
2905,split,242,-7975.441611958829
2905,split,243,-7975.471712717378
2905,split,244,-7975.5052489863865
2905,split,245,-7975.51728499939
2905,split,246,-7975.562719328941
2905,split,247,-7975.573153034834
2905,split,248,-7975.589884393969
2905,split,249,-7975.600681453067
2905,split,250,-7975.6133280559
2905,split,251,-7975.667999807223
2905,split,252,-7975.6753601078835
2905,split,253,-7975.7008914925855
2905,split,254,-7975.716944677949
2905,split,255,-7975.732299108537
2905,split,256,-7975.797282902547
2905,split,257,-7975.804755694221
2905,split,258,-7975.8341455347245
2905,split,259,-7975.861151461324
2905,split,260,-7975.8802139951695
2905,split,261,-7975.8805426636
2905,split,262,-7975.980773057552
2905,split,263,-7976.019082713833
2905,split,264,-7976.027702905719
2905,split,265,-7976.0530862150845
2905,split,266,-7976.176000307979
2905,split,267,-7976.256670169511
2905,split,268,-7976.287389458537
2905,split,269,-7976.361540848999
2905,split,270,-7976.386177074348
2905,split,271,-7976.392994153872
2905,split,272,-7976.40198182553
2905,split,273,-7976.443494405856
2905,split,274,-7976.454251310943
2905,split,275,-7976.4692790525805
2905,split,276,-7976.472745486154
2905,split,277,-7976.5217935638775
2905,split,278,-7976.544430421193
2905,split,279,-7976.556289904769
2905,split,280,-7976.5847252642525
2905,split,281,-7976.585051261123
2905,split,282,-7976.644757728895
2905,split,283,-7976.648828730289
2905,split,284,-7976.660668040236
2905,split,285,-7976.719611349429
2905,split,286,-7977.011568373685
2905,split,287,-7978.407912356914
2905,split,288,-7979.233529278167
2905,split,289,-7979.566083549267
2905,split,290,-7979.913452024019
2905,split,291,-7979.965971634311
2905,split,292,-7979.998553578587
2905,split,293,-7980.01126728004
2905,split,294,-7980.022121342238
2905,split,295,-7980.045758244641
2905,split,296,-7980.081774303308
2905,split,297,-7980.119491798983
2905,split,298,-7980.129517039387
2905,split,299,-7980.140751741437
2905,split,300,-7980.145275036184
2905,split,301,-7980.154977832041
2905,split,302,-7980.202869955616
2905,split,303,-7980.439342857583
2905,split,304,-7981.498215534609
2905,split,305,-7981.5638730620285
2905,split,306,-7981.588452581037
2905,split,307,-7981.5925290262985
2905,split,308,-7981.621847754986
2905,split,309,-7981.644332758627
2905,split,310,-7981.654768436386
2905,split,311,-7981.664459416452
2905,split,312,-7981.678099420637
2905,split,313,-7981.686450120266
2905,split,314,-7981.703884667893
2905,split,315,-7981.71842720958
2905,split,316,-7981.749546097477
2905,split,317,-7981.7542556099725
2905,split,318,-7981.7630166869885
2905,split,319,-7981.806187692588
2905,split,320,-7982.01249150267
2905,split,321,-7982.014835595476
2905,split,322,-7982.03967267084
2905,split,323,-7982.044532289887
2905,split,324,-7982.052611266118
2905,split,325,-7982.077070122653
2905,split,326,-7982.103064466585
2905,split,327,-7982.126793074573
2905,split,328,-7982.143086477756
2905,split,329,-7982.164576730124
2905,split,330,-7982.311286524685
2905,split,331,-7982.322524404847
2905,split,332,-7982.33336814613
2905,split,333,-7982.349457715667
2905,split,334,-7982.379409443217
2905,split,335,-7982.443151484525
2905,split,336,-7982.471520823045
2905,split,337,-7982.478975474808
2905,split,338,-7982.487806395263
2905,split,339,-7982.523714122092
2905,split,340,-7982.530363189503
2905,split,341,-7982.54017691349
2905,split,342,-7982.55625876473
2905,split,343,-7982.582859390193
2905,split,344,-7982.706791124188
2905,split,345,-7982.723424959414
2905,split,346,-7982.7526881829845
2905,split,347,-7982.764485614159
2905,split,348,-7982.766744095171
2905,split,349,-7982.767666134096
2905,split,350,-7982.814884311044
2905,split,351,-7982.841144617023
2905,split,352,-7982.850926221607
2905,split,353,-7982.856803252734
2905,split,354,-7982.870293828837
2905,split,355,-7982.920558843437
2905,split,356,-7982.926180307151
2905,split,357,-7982.935991479651
2905,split,358,-7982.984502852563
2905,split,359,-7983.210677728813
2905,split,360,-7983.213642376276
2905,split,361,-7983.242904271391
2905,split,362,-7983.254749067803
2905,split,363,-7983.273271506015
2905,split,364,-7983.280532266794
2905,split,365,-7983.310506997768
2905,split,366,-7983.455816659069
2905,split,367,-7983.460788692594
2905,split,368,-7983.485468469537
2905,split,369,-7983.495000604793
2905,split,370,-7983.501782030179
2905,split,371,-7983.510374014891
2905,split,372,-7983.561749935156
2905,split,373,-7983.566431131579
2905,split,374,-7983.5756810262665
2905,split,375,-7983.621447283734
2905,split,376,-7983.8345475155165
2905,split,377,-7983.838736291232
2905,split,378,-7983.865361354312
2905,split,379,-7983.877113172635
2905,split,380,-7983.89416792327
2905,split,381,-7983.90109083633
2905,split,382,-7983.929410464081
2905,split,383,-7984.068518244441
2905,split,384,-7984.743970341544
2905,split,385,-7987.708786195641
2905,split,386,-7987.7495127028
2905,split,387,-7988.0465446079415
2905,split,388,-7988.128836176619
2905,split,389,-7988.243468245553
2905,split,390,-7988.3359066166895
2905,split,391,-7988.346111908117
2905,split,392,-7988.365799989486
2905,split,393,-7988.375303567411
2905,split,394,-7988.392753556608
2905,split,395,-7988.3989702589815
2905,split,396,-7988.409043547996
2905,split,397,-7988.410632283704
2905,split,398,-7988.4149648229495
2905,split,399,-7988.434971998856
2905,split,400,-7988.527860932696
2905,split,401,-7988.955243109064
2905,split,402,-7988.956918946821
2905,split,403,-7988.9740879912515
2905,split,404,-7988.983882361921
2905,split,405,-7988.9897196628335
2905,split,406,-7989.000309367708
2905,split,407,-7989.028158575561
2905,split,408,-7989.055099208445
2905,split,409,-7989.0628497576445
2905,split,410,-7989.07059107095
2905,split,411,-7989.078209398757
2905,split,412,-7989.088151021995
2905,split,413,-7989.094463169128
2905,split,414,-7989.102423983274
2905,split,415,-7989.112878819398
2905,split,416,-7989.1280529583755
2905,split,417,-7989.1323868864
2905,split,418,-7989.14396412153
2905,split,419,-7989.146899944671
2905,split,420,-7989.151065404719
2905,split,421,-7989.17171911033
2905,split,422,-7989.270595658785
2905,split,423,-7989.27594666885
2905,split,424,-7989.279771003415
2905,split,425,-7989.285631648933
2905,split,426,-7989.294021288912
2905,split,427,-7989.3006949373685
2905,split,428,-7989.313720831799
2905,split,429,-7989.353479799295
2905,split,430,-7989.38007695412
2905,split,431,-7989.384634932019
2905,split,432,-7989.3942916724045
2905,split,433,-7989.405889666546
2905,split,434,-7989.415867119257
2905,split,435,-7989.424386128116
2905,split,436,-7989.432009143424
2905,split,437,-7989.441821536125
2905,split,438,-7989.450161895346
2905,split,439,-7989.455036203677
2905,split,440,-7989.464559866925
2905,split,441,-7989.498135453223
2905,split,442,-7989.508841219233
2905,split,443,-7989.524444239273
2905,split,444,-7989.529054575004
2905,split,445,-7989.541138061711
2905,split,446,-7989.600893091396
2905,split,447,-7989.8918245582745
2905,split,448,-7991.176889845976
2905,split,449,-7995.179410564157
2905,split,450,-7997.960601515941
2905,split,451,-8000.972633536754
2905,split,452,-8000.977029473933
2905,split,453,-8000.98903114484
2905,split,454,-8001.001176126449
2905,split,455,-8001.045490834837
2905,split,456,-8001.079786830638
2905,split,457,-8001.101048579967
2905,split,458,-8001.129248054534
2905,split,459,-8001.161295493949
2905,split,460,-8001.179428006037
2905,split,461,-8001.1915264643
2905,split,462,-8001.192642470661
2905,split,463,-8001.200266863426
2905,split,464,-8001.204262133931
2905,split,465,-8001.209863135609
2905,split,466,-8001.214293133648
2905,split,467,-8001.219885862534
2905,split,468,-8001.223472674486
2905,split,469,-8001.223723009791
2905,split,470,-8001.242780901205
2905,split,471,-8001.246702298828
2905,split,472,-8001.25073726222
2905,split,473,-8001.265720733721
2905,split,474,-8001.269641274782
2905,split,475,-8001.273373041469
2905,split,476,-8001.277440864258
2905,split,477,-8001.27862232954
2905,split,478,-8001.285376258954
2905,split,479,-8001.292987541903
2905,split,480,-8001.326645300478
2905,split,481,-8001.441638635219
2905,split,482,-8001.723612174
2905,split,483,-8002.45693066243
2905,split,484,-8004.2429052891
2905,split,485,-8004.280645356581
2905,split,486,-8004.307573950285
2905,split,487,-8004.324388008236
2905,split,488,-8004.367195644762
2905,split,489,-8004.386040013176
2905,split,490,-8004.469647447655
2905,split,491,-8004.477443240579
2905,split,492,-8004.493524820355
2905,split,493,-8004.501128085259
2905,split,494,-8004.508304868222
2905,split,495,-8004.51192137346
2905,split,496,-8004.514022027459
2905,split,497,-8004.518320403654
2905,split,498,-8004.518913912667
2905,split,499,-8004.520640640713
2905,split,500,-8004.528064980681
2905,split,501,-8004.557324212415
2905,split,502,-8004.557699321441
2905,split,503,-8004.571551066988
2905,split,504,-8004.572427011578
2905,split,505,-8004.588155290265
2905,split,506,-8004.588956743169
2905,split,507,-8004.5923559881385
2905,split,508,-8004.608907625665
2905,split,509,-8004.6288480968005
2905,split,510,-8004.634489901571
2905,split,511,-8004.659764486336
2905,split,512,-8004.753319872923
2905,split,513,-8004.8688858189535
2905,split,514,-8004.881838275017
2905,split,515,-8004.883337882184
2905,split,516,-8004.884595877725
2905,split,517,-8004.885318433954
2905,split,518,-8004.885793246161
2905,split,519,-8004.8865687479565
2905,split,520,-8004.8898441574975
2905,split,521,-8004.90400051378
2905,split,522,-8004.954727019927
2905,split,523,-8005.057531670631
2905,split,524,-8005.136356942506
2905,split,525,-8005.157088698846
2905,split,526,-8005.1591392545015
2905,split,527,-8005.159164633163
2905,split,528,-8005.159164650732
2905,natural,0,19.468483043760514
2905,natural,1,-1468.657886579105
2905,natural,2,-4485.753469023843
2905,natural,3,-5026.113827440027
2905,natural,4,-7121.814768106344
2905,natural,5,-7343.529590103786
2905,natural,6,-7586.376312421796
2905,natural,7,-7869.740342892603
2905,natural,8,-7908.08377566562
2905,natural,9,-7935.0590840579935
2905,natural,10,-7966.8329303972305
2905,natural,11,-7972.4264602432595
2905,natural,12,-7981.012660618818
2905,natural,13,-7986.890941336721
2905,natural,14,-7992.393053751703
2905,natural,15,-7993.016806047816
2905,natural,16,-7994.064957081159
2905,natural,17,-7997.617306583405
2905,natural,18,-7998.148728775757
2905,natural,19,-8000.790299484641
2905,natural,20,-8001.412159933422
2905,natural,21,-8002.833904890024
2905,natural,22,-8003.027564571151
2905,natural,23,-8003.141555819915
2905,natural,24,-8003.201959509251
2905,natural,25,-8003.238672639542
2905,natural,26,-8003.273667726472
2905,natural,27,-8003.302780104053
2905,natural,28,-8003.378150583192
2905,natural,29,-8003.395379590982
2905,natural,30,-8003.406370902414
2905,natural,31,-8003.407974468817
2905,natural,32,-8003.412823417853
2905,natural,33,-8003.415579150346
2905,natural,34,-8003.418160037278
2905,natural,35,-8003.418575393812
2905,natural,36,-8003.419693987428
2905,natural,37,-8003.4216857792235
2905,natural,38,-8003.421914908762
2905,natural,39,-8003.424273765549
2905,natural,40,-8003.425574128858
2905,natural,41,-8003.426037083523
2905,natural,42,-8003.426609374434
2905,natural,43,-8003.42719667448
2905,natural,44,-8003.427361618062
2905,natural,45,-8003.4276004284575
2905,natural,46,-8003.427615231197
2905,natural,47,-8003.427815290851
2905,natural,48,-8003.427915026532
2905,natural,49,-8003.428035804589
2905,natural,50,-8003.42804907659
2905,natural,51,-8003.428187117365
2905,natural,52,-8003.42831439398
2905,natural,53,-8003.428400373404
2905,natural,54,-8003.428452525511
2905,natural,55,-8003.42848497602
2905,natural,56,-8003.428531085395
2905,natural,57,-8003.428544193994
2905,natural,58,-8003.428571620627
2905,natural,59,-8003.428577792866
2905,natural,60,-8003.428586836424
2905,natural,61,-8003.428595107096
2905,natural,62,-8003.4285994394195
2905,natural,63,-8003.42860320548
2905,natural,64,-8003.428616231632
2905,natural,65,-8003.42872953146
2905,natural,66,-8003.429049474911
2905,natural,67,-8003.431812276555
2905,natural,68,-8003.439859626154
2905,natural,69,-8003.480108979636
2905,natural,70,-8003.505060897084
2905,natural,71,-8003.528808815165
2905,natural,72,-8003.590167940153
2905,natural,73,-8003.6317961917775
2905,natural,74,-8003.6403659830485
2905,natural,75,-8003.668952485026
2905,natural,76,-8003.702217200285
2905,natural,77,-8003.713544263272
2905,natural,78,-8003.714941629976
2905,natural,79,-8003.726628534043
2905,natural,80,-8003.7298780727115
2905,natural,81,-8003.735358970205
2905,natural,82,-8003.740887739091
2905,natural,83,-8003.7422036316175
2905,natural,84,-8003.745088284186
2905,natural,85,-8003.746580181493
2905,natural,86,-8003.755050666847
2905,natural,87,-8003.759647983855
2905,natural,88,-8003.764451268188
2905,natural,89,-8003.764489420896
2905,natural,90,-8003.766069707837
2905,natural,91,-8003.772816958988
2905,natural,92,-8003.778329783301
2905,natural,93,-8003.781855903883
2905,natural,94,-8003.782937435194
2905,natural,95,-8003.785676828566
2905,natural,96,-8003.788448146265
2905,natural,97,-8003.789734395102
2905,natural,98,-8003.790283290081
2905,natural,99,-8003.791071302974
2905,natural,100,-8003.791428192524
2905,natural,101,-8003.791838167485
2905,natural,102,-8003.792153842289
2905,natural,103,-8003.792304340997
2905,natural,104,-8003.792344226411
2905,natural,105,-8003.792437892423
2905,natural,106,-8003.792448381427
2905,natural,107,-8003.792540156692
2905,natural,108,-8003.792661992831
2905,natural,109,-8003.792705282987
2905,natural,110,-8003.792799401898
2905,natural,111,-8003.792829577459
2905,natural,112,-8003.792868729541
2905,natural,113,-8003.792894489433
2905,natural,114,-8003.792904484359
2905,natural,115,-8003.792918708753
2905,natural,116,-8003.79292928289
2905,natural,117,-8003.792934709474
2905,natural,118,-8003.792941610275
2905,natural,119,-8003.792959797421
2905,natural,120,-8003.793007197107
2905,natural,121,-8003.793039296441
2905,natural,122,-8003.793094544821
2905,natural,123,-8003.793097191804
2905,natural,124,-8003.7930973421235
2905,natural,125,-8003.7931043394
2905,natural,126,-8003.793117191313
2905,natural,127,-8003.793121323064
2905,natural,128,-8003.7931288562495
2905,natural,129,-8003.793130887821
2905,natural,130,-8003.793133603365
2905,natural,131,-8003.793140229477
2905,natural,132,-8003.793144572803
2905,natural,133,-8003.793150203471
2905,natural,134,-8003.793154525078
2905,natural,135,-8003.793159154271
2905,natural,136,-8003.793160400236
2905,natural,137,-8003.793160936927
2905,natural,138,-8003.793170682253
2905,natural,139,-8003.793176859507
2905,natural,140,-8003.793181814329
2905,natural,141,-8003.793184496742
2905,natural,142,-8003.793186957768
2905,natural,143,-8003.793188280941
2905,natural,144,-8003.793194849206
2905,natural,145,-8003.793209834246
2905,natural,146,-8003.793225362748
2905,natural,147,-8003.793228808598
2905,natural,148,-8003.793237273633
2905,natural,149,-8003.793238448539
2905,natural,150,-8003.793248396689
2905,natural,151,-8003.793251072124
2905,natural,152,-8003.793255147698
2905,natural,153,-8003.793262221625
2905,natural,154,-8003.793267342642
2905,natural,155,-8003.793271871633
2905,natural,156,-8003.793272174199
2905,natural,157,-8003.793287559704
2905,natural,158,-8003.793305319306
2905,natural,159,-8003.793310346811
2905,natural,160,-8003.793322919485
2905,natural,161,-8003.793325214014
2905,natural,162,-8003.793329617286
2905,natural,163,-8003.793337025711
2905,natural,164,-8003.7933391241395
2905,natural,165,-8003.793339454884
2905,natural,166,-8003.793340125156
2905,natural,167,-8003.793345516439
2905,natural,168,-8003.793346249921
2905,natural,169,-8003.793349517698
2905,natural,170,-8003.793354592432
2905,natural,171,-8003.7933670494385
2905,natural,172,-8003.793369519457
2905,natural,173,-8003.793391149071
2905,natural,174,-8003.793397995228
2905,natural,175,-8003.793416567888
2905,natural,176,-8003.793460619778
2905,natural,177,-8003.793468975759
2905,natural,178,-8003.793562748061
2905,natural,179,-8003.793563285622
2905,natural,180,-8003.793581421687
2905,natural,181,-8003.793585754406
2905,natural,182,-8003.793598957519
2905,natural,183,-8003.793604648625
2905,natural,184,-8003.793606158493
2905,natural,185,-8003.793615035078
2905,natural,186,-8003.79363097759
2905,natural,187,-8003.7936398945885
2905,natural,188,-8003.793648927633
2905,natural,189,-8003.79365497563
2905,natural,190,-8003.793660064617
2905,natural,191,-8003.79366357259
2905,natural,192,-8003.793694270915
2905,natural,193,-8003.793696899998
2905,natural,194,-8003.793706714829
2905,natural,195,-8003.793714083498
2905,natural,196,-8003.793719538676
2905,natural,197,-8003.793720963097
2905,natural,198,-8003.793722415059
2905,natural,199,-8003.793741419075
2905,natural,200,-8003.79374912785
2905,natural,201,-8003.7937610280205
2905,natural,202,-8003.793766322757
2905,natural,203,-8003.793776845413
2905,natural,204,-8003.793784803435
2905,natural,205,-8003.793788311196
2905,natural,206,-8003.793796338664
2905,natural,207,-8003.793801871054
2905,natural,208,-8003.793806293773
2905,natural,209,-8003.793807696594
2905,natural,210,-8003.793809134159
2905,natural,211,-8003.793817776333
2905,natural,212,-8003.793823054782
2905,natural,213,-8003.793834598979
2905,natural,214,-8003.793836194876
2905,natural,215,-8003.793839533724
2905,natural,216,-8003.793843022929
2905,natural,217,-8003.793845012211
2905,natural,218,-8003.7938498896
2905,natural,219,-8003.7938511884795
2905,natural,220,-8003.793853420154
2905,natural,221,-8003.793856200597
2905,natural,222,-8003.793858320213
2905,natural,223,-8003.793859141696
2905,natural,224,-8003.793864830648
2905,natural,225,-8003.793866833224
2905,natural,226,-8003.793886294383
2905,natural,227,-8003.793888570181
2905,natural,228,-8003.793899095444
2905,natural,229,-8003.79390316449
2905,natural,230,-8003.793916811601
2905,natural,231,-8003.793937819254
2905,natural,232,-8003.793943771411
2905,natural,233,-8003.793961698474
2905,natural,234,-8003.7939845911615
2905,natural,235,-8003.793991224512
2905,natural,236,-8003.794017709467
2905,natural,237,-8003.794026116184
2905,natural,238,-8003.794041132106
2905,natural,239,-8003.794043493554
2905,natural,240,-8003.794057055913
2905,natural,241,-8003.794058371918
2905,natural,242,-8003.794070301282
2905,natural,243,-8003.794081784377
2905,natural,244,-8003.794093397717
2905,natural,245,-8003.794125910043
2905,natural,246,-8003.794158599088
2905,natural,247,-8003.794163457073
2905,natural,248,-8003.79418873326
2905,natural,249,-8003.7941958789925
2905,natural,250,-8003.794210674948
2905,natural,251,-8003.794226334706
2905,natural,252,-8003.79423518528
2905,natural,253,-8003.794240252934
2905,natural,254,-8003.794244894654
2905,natural,255,-8003.794245550434
2905,natural,256,-8003.794250187614
2905,natural,257,-8003.794257349076
2905,natural,258,-8003.7942588989
2905,natural,259,-8003.794262729532
2905,natural,260,-8003.794263899688
2905,natural,261,-8003.794265179092
2905,natural,262,-8003.794268310866
2905,natural,263,-8003.794271011125
2905,natural,264,-8003.794272822942
2905,natural,265,-8003.794274642597
2905,natural,266,-8003.7942810395225
2905,natural,267,-8003.794287540075
2905,natural,268,-8003.794288696294
2905,natural,269,-8003.794289861295
2905,natural,270,-8003.794306890182
2905,natural,271,-8003.794391080551
2905,natural,272,-8003.794393487768
2905,natural,273,-8003.7943981601875
2905,natural,274,-8003.7944019152765
2905,natural,275,-8003.794424531397
2905,natural,276,-8003.794429110262
2905,natural,277,-8003.794446124377
2905,natural,278,-8003.794526423614
2905,natural,279,-8003.794586868252
2905,natural,280,-8003.794705989034
2905,natural,281,-8003.794801249452
2905,natural,282,-8003.795083163107
2905,natural,283,-8003.79530814297
2905,natural,284,-8003.795502406782
2905,natural,285,-8003.795697506576
2905,natural,286,-8003.795869890363
2905,natural,287,-8003.796340268052
2905,natural,288,-8003.796662876889
2905,natural,289,-8003.79685756439
2905,natural,290,-8003.797393591668
2905,natural,291,-8003.798132757593
2905,natural,292,-8003.798819458284
2905,natural,293,-8003.799404497757
2905,natural,294,-8003.799925736058
2905,natural,295,-8003.80213450303
2905,natural,296,-8003.802157441508
2905,natural,297,-8003.803043055816
2905,natural,298,-8003.803608949503
2905,natural,299,-8003.804233419429
2905,natural,300,-8003.804789513747
2905,natural,301,-8003.805496256592
2905,natural,302,-8003.806381309113
2905,natural,303,-8003.806835472906
2905,natural,304,-8003.806974240893
2905,natural,305,-8003.807157464771
2905,natural,306,-8003.807174863267
2905,natural,307,-8003.807350201307
2905,natural,308,-8003.807373838725
2905,natural,309,-8003.807458371571
2905,natural,310,-8003.807489027152
2905,natural,311,-8003.807528806609
2905,natural,312,-8003.80753874324
2905,natural,313,-8003.8075791834535
2905,natural,314,-8003.807647711971
2905,natural,315,-8003.80765893235
2905,natural,316,-8003.807681270741
2905,natural,317,-8003.807682746633
2905,natural,318,-8003.807701189671
2905,natural,319,-8003.80770489465
2905,natural,320,-8003.80771111236
2905,natural,321,-8003.807713545408
2905,natural,322,-8003.807716885181
2905,natural,323,-8003.8077221009125
2905,natural,324,-8003.807725186948
2905,natural,325,-8003.807733465634
2905,natural,326,-8003.807735915267
2905,natural,327,-8003.807738942994
2905,natural,328,-8003.807740949123
2905,natural,329,-8003.80774179813
2905,natural,330,-8003.807746597938
2905,natural,331,-8003.807747735354
2905,natural,332,-8003.807755340395
2905,natural,333,-8003.807769114923
2905,natural,334,-8003.807773379155
2905,natural,335,-8003.807785257644
2905,natural,336,-8003.807791343091
2905,natural,337,-8003.807795559446
2905,natural,338,-8003.8078036139905
2905,natural,339,-8003.807805806735
2905,natural,340,-8003.807813400482
2905,natural,341,-8003.807855385938
2905,natural,342,-8003.80786638716
2905,natural,343,-8003.807898527052
2905,natural,344,-8003.80790063273
2905,natural,345,-8003.807903854137
2905,natural,346,-8003.807910307565
2905,natural,347,-8003.807917219753
2905,natural,348,-8003.807918874333
2905,natural,349,-8003.807922824033
2905,natural,350,-8003.807926290434
2905,natural,351,-8003.807928911337
2905,natural,352,-8003.807930712295
2905,natural,353,-8003.807931336572
2905,natural,354,-8003.807934588226
2905,natural,355,-8003.80793525289
2905,natural,356,-8003.807937043068
2905,natural,357,-8003.807942298841
2905,natural,358,-8003.807944100599
2905,natural,359,-8003.807944619712
2905,natural,360,-8003.807949404348
2905,natural,361,-8003.807951430456
2905,natural,362,-8003.807952474398
2905,natural,363,-8003.807953321197
2905,natural,364,-8003.807956876062
2905,natural,365,-8003.807958522911
2905,natural,366,-8003.807961015838
2905,natural,367,-8003.8079645123435
2905,natural,368,-8003.80797087929
2905,natural,369,-8003.807978514993
2905,natural,370,-8003.8079791990585
2905,natural,371,-8003.807979966277
2905,natural,372,-8003.807980040908
2905,natural,373,-8003.807984856799
2905,natural,374,-8003.8079896936315
2905,natural,375,-8003.807991721268
2905,natural,376,-8003.807995937855
2905,natural,377,-8003.807997153993
2905,natural,378,-8003.808008080667
2905,natural,379,-8003.808017260819
2905,natural,380,-8003.808024534092
2905,natural,381,-8003.808038870444
2905,natural,382,-8003.808060587451
2905,natural,383,-8003.808076213768
2905,natural,384,-8003.80809718059
2905,natural,385,-8003.808105636423
2905,natural,386,-8003.808106345134
2905,natural,387,-8003.808174427216
2905,natural,388,-8003.808258591431
2905,natural,389,-8003.8082647382
2905,natural,390,-8003.8083829833
2905,natural,391,-8003.808421987727
2905,natural,392,-8003.80852548202
2905,natural,393,-8003.809156122493
2905,natural,394,-8003.809176056215
2905,natural,395,-8003.809213143229
2905,natural,396,-8003.809293630439
2905,natural,397,-8003.80936753375
2905,natural,398,-8003.809370228112
2905,natural,399,-8003.80940644682
2905,natural,400,-8003.809409052714
2905,natural,401,-8003.809440981271
2905,natural,402,-8003.8094511561885
2905,natural,403,-8003.809483284293
2905,natural,404,-8003.80952483609
2905,natural,405,-8003.809558848605
2905,natural,406,-8003.809591913816
2905,natural,407,-8003.809600097971
2905,natural,408,-8003.809614048274
2905,natural,409,-8003.809614456885
2905,natural,410,-8003.8096244963135
2905,natural,411,-8003.809625137542
2905,natural,412,-8003.809628624093
2905,natural,413,-8003.809630416127
2905,natural,414,-8003.8096325910965
2905,natural,415,-8003.809633068556
2905,natural,416,-8003.809637294331
2905,natural,417,-8003.809640285587
2905,natural,418,-8003.809642121519
2905,natural,419,-8003.809644044205
2905,natural,420,-8003.8096476876735
2905,natural,421,-8003.809653699399
2905,natural,422,-8003.809657600995
2905,natural,423,-8003.809674860606
2905,natural,424,-8003.8096784955
2905,natural,425,-8003.809688458912
2905,natural,426,-8003.809698976669
2905,natural,427,-8003.809712310744
2905,natural,428,-8003.809727750745
2905,natural,429,-8003.809727878223
2905,natural,430,-8003.809747568899
2905,natural,431,-8003.809751611764
2905,natural,432,-8003.809763165069
2905,natural,433,-8003.809769558324
2905,natural,434,-8003.8097718356275
2905,natural,435,-8003.809782401626
2905,natural,436,-8003.809784881494
2905,natural,437,-8003.809789187164
2905,natural,438,-8003.809791702461
2905,natural,439,-8003.809809876556
2905,natural,440,-8003.80984222817
2905,natural,441,-8003.809967123457
2905,natural,442,-8003.809970850312
2905,natural,443,-8003.810031329315
2905,natural,444,-8003.810040442345
2905,natural,445,-8003.8100532093085
2905,natural,446,-8003.810060349071
2905,natural,447,-8003.810081329577
2905,natural,448,-8003.810090827167
2905,natural,449,-8003.810097781024
2905,natural,450,-8003.8101009612565
2905,natural,451,-8003.810115665292
2905,natural,452,-8003.810122833358
2905,natural,453,-8003.8101320828955
2905,natural,454,-8003.810137876119
2905,natural,455,-8003.8101440293685
2905,natural,456,-8003.810150480608
2905,natural,457,-8003.810151114886
2905,natural,458,-8003.810152365322
2905,natural,459,-8003.810161214565
2905,natural,460,-8003.8101613439185
2905,natural,461,-8003.810163437352
2905,natural,462,-8003.810164314528
2905,natural,463,-8003.810172067701
2905,natural,464,-8003.8101797078825
2905,natural,465,-8003.810180079047
2905,natural,466,-8003.81018990611
2905,natural,467,-8003.810195267679
2905,natural,468,-8003.810209007989
2905,natural,469,-8003.810225954455
2905,natural,470,-8003.81022632776
2905,natural,471,-8003.810236710968
2905,natural,472,-8003.81024259762
2905,natural,473,-8003.810251965529
2905,natural,474,-8003.810265653919
2905,natural,475,-8003.810273235038
2905,natural,476,-8003.8102835192985
2905,natural,477,-8003.810293479272
2905,natural,478,-8003.810295206373
2905,natural,479,-8003.8103048609255
2905,natural,480,-8003.810314252978
2905,natural,481,-8003.810318781058
2905,natural,482,-8003.8103401003955
2905,natural,483,-8003.810352797889
2905,natural,484,-8003.8103676066
2905,natural,485,-8003.810375511452
2905,natural,486,-8003.810387319672
2905,natural,487,-8003.810403663008
2905,natural,488,-8003.810414582849
2905,natural,489,-8003.810416636197
2905,natural,490,-8003.810421496178
2905,natural,491,-8003.810421571476
2905,natural,492,-8003.810430230063
2905,natural,493,-8003.810436410575
2905,natural,494,-8003.810436540091
2905,natural,495,-8003.810439197984
2905,natural,496,-8003.810455168363
2905,natural,497,-8003.810532629429
2905,natural,498,-8003.810552611301
2905,natural,499,-8003.8106086876915
2905,natural,500,-8003.810628220205
2905,natural,501,-8003.81068689912
2905,natural,502,-8003.810689990352
2905,natural,503,-8003.810708880263
2905,natural,504,-8003.810723078987
2905,natural,505,-8003.810760829361
2905,natural,506,-8003.810779167972
2905,natural,507,-8003.810794973962
2905,natural,508,-8003.810817442136
2905,natural,509,-8003.81081926761
2905,natural,510,-8003.810838808892
2905,natural,511,-8003.81085130201
2905,natural,512,-8003.810856893629
2905,natural,513,-8003.810863463247
2905,natural,514,-8003.810871777833
2905,natural,515,-8003.810884477288
2905,natural,516,-8003.810888649556
2905,natural,517,-8003.810896048293
2905,natural,518,-8003.810898044974
2905,natural,519,-8003.8109118342845
2905,natural,520,-8003.810922095605
2905,natural,521,-8003.810924570239
2905,natural,522,-8003.8109293744
2905,natural,523,-8003.81094052627
2905,natural,524,-8003.81094584378
2905,natural,525,-8003.810973652215
2905,natural,526,-8003.81097448286
2905,natural,527,-8003.810988017725
2905,natural,528,-8003.810994456392
2905,natural,529,-8003.811002902988
2905,natural,530,-8003.81100346739
2905,natural,531,-8003.811016426329
2905,natural,532,-8003.811022639159
2905,natural,533,-8003.81102730064
2905,natural,534,-8003.811033716763
2905,natural,535,-8003.81104501723
2905,natural,536,-8003.81105087909
2905,natural,537,-8003.811056866509
2905,natural,538,-8003.811061087031
2905,natural,539,-8003.811071008298
2905,natural,540,-8003.8110751116
2905,natural,541,-8003.811078924785
2905,natural,542,-8003.811081195822
2905,natural,543,-8003.811083436865
2905,natural,544,-8003.811089666182
2905,natural,545,-8003.811089755113
2905,natural,546,-8003.811093518453
2905,natural,547,-8003.811096255058
2905,natural,548,-8003.811098349975
2905,natural,549,-8003.81110048195
2905,natural,550,-8003.811108187127
2905,natural,551,-8003.811115012256
2905,natural,552,-8003.811118710698
2905,natural,553,-8003.811119062186
2905,natural,554,-8003.811143059841
2905,natural,555,-8003.811146376481
2905,natural,556,-8003.811155346683
2905,natural,557,-8003.8111634369
2905,natural,558,-8003.811168856123
2905,natural,559,-8003.811173051017
2905,natural,560,-8003.811175001782
2905,natural,561,-8003.811177580726
2905,natural,562,-8003.811178067667
2905,natural,563,-8003.811180212109
2905,natural,564,-8003.811183655512
2905,natural,565,-8003.811202476429
2905,natural,566,-8003.811283091129
2905,natural,567,-8003.81129508556
2905,natural,568,-8003.811425289874
2905,natural,569,-8003.812059706692
2905,natural,570,-8003.813651155458
2905,natural,571,-8003.814323220333
2905,natural,572,-8003.815923182319
2905,natural,573,-8003.81719747514
2905,natural,574,-8003.825299311993
2905,natural,575,-8003.831619143734
2905,natural,576,-8003.8357191404375
2905,natural,577,-8003.839215036936
2905,natural,578,-8003.842636839514
2905,natural,579,-8003.845158463188
2905,natural,580,-8003.845643354309
2905,natural,581,-8003.846961339151
2905,natural,582,-8003.853075984784
2905,natural,583,-8003.853877841451
2905,natural,584,-8003.857739956379
2905,natural,585,-8003.857823215689
2905,natural,586,-8003.863897761695
2905,natural,587,-8003.870062550114
2905,natural,588,-8003.875648688411
2905,natural,589,-8003.875913168438
2905,natural,590,-8003.876748586542
2905,natural,591,-8003.878717716773
2905,natural,592,-8003.88012826734
2905,natural,593,-8003.880994846791
2905,natural,594,-8003.881108754794
2905,natural,595,-8003.88202715334
2905,natural,596,-8003.882211522538
2905,natural,597,-8003.88257844192
2905,natural,598,-8003.882791160344
2905,natural,599,-8003.882967161179
2905,natural,600,-8003.883142312106
2905,natural,601,-8003.883495015405
2905,natural,602,-8003.883595975103
2905,natural,603,-8003.883637151025
2905,natural,604,-8003.883872201862
2905,natural,605,-8003.883931113849
2905,natural,606,-8003.884021605569
2905,natural,607,-8003.884104532363
2905,natural,608,-8003.884143637032
2905,natural,609,-8003.884157904072
2905,natural,610,-8003.8841890790345
2905,natural,611,-8003.88419112928
2905,natural,612,-8003.884210382457
2905,natural,613,-8003.884223167663
2905,natural,614,-8003.884228197747
2905,natural,615,-8003.8842342156995
2905,natural,616,-8003.884242350855
2905,natural,617,-8003.884257884109
2905,natural,618,-8003.884261149676
2905,natural,619,-8003.884269506437
2905,natural,620,-8003.884269793743
2905,natural,621,-8003.884273713551
2905,natural,622,-8003.884277178321
2905,natural,623,-8003.884279272743
2905,natural,624,-8003.8842837842785
2905,natural,625,-8003.884292390698
2905,natural,626,-8003.884294142622
2905,natural,627,-8003.884318209568
2905,natural,628,-8003.884354366448
2905,natural,629,-8003.884365754252
2905,natural,630,-8003.884394581526
2905,natural,631,-8003.884416088893
2905,natural,632,-8003.884435776979
2905,natural,633,-8003.884457091253
2905,natural,634,-8003.884457338374
2905,natural,635,-8003.88450644516
2905,natural,636,-8003.884532156775
2905,natural,637,-8003.884563893818
2905,natural,638,-8003.884622608102
2905,natural,639,-8003.884682559706
2905,natural,640,-8003.884718981919
2905,natural,641,-8003.884725909676
2905,natural,642,-8003.884753040601
2905,natural,643,-8003.884789352137
2905,natural,644,-8003.884809320016
2905,natural,645,-8003.88482368429
2905,natural,646,-8003.884844343206
2905,natural,647,-8003.884845105179
2905,natural,648,-8003.88487414802
2905,natural,649,-8003.884891177453
2905,natural,650,-8003.884892418557
2905,natural,651,-8003.884907209919
2905,natural,652,-8003.884908974554
2905,natural,653,-8003.884914836386
2905,natural,654,-8003.884915611176
2905,natural,655,-8003.884918150697
2905,natural,656,-8003.884925059754
2905,natural,657,-8003.884927568935
2905,natural,658,-8003.884931103893
2905,natural,659,-8003.884933315001
2905,natural,660,-8003.884937663899
2905,natural,661,-8003.884939539867
2905,natural,662,-8003.884940968733
2905,natural,663,-8003.8849436575965
2905,natural,664,-8003.884944333584
2905,natural,665,-8003.884949981913
2905,natural,666,-8003.884951327971
2905,natural,667,-8003.884960844565
2905,natural,668,-8003.884979153485
2905,natural,669,-8003.884979401339
2905,natural,670,-8003.884984405263
2905,natural,671,-8003.884987793116
2905,natural,672,-8003.884988378836
2905,natural,673,-8003.885024071366
2905,natural,674,-8003.885080675163
2905,natural,675,-8003.885087781083
2905,natural,676,-8003.885112798745
2905,natural,677,-8003.885124401188
2905,natural,678,-8003.885141738366
2905,natural,679,-8003.885142911627
2905,natural,680,-8003.885151529855
2905,natural,681,-8003.885151891362
2905,natural,682,-8003.885156449325
2905,natural,683,-8003.885165687074
2905,natural,684,-8003.885183341026
2905,natural,685,-8003.88519059681
2905,natural,686,-8003.885249791727
2905,natural,687,-8003.885256598041
2905,natural,688,-8003.885284550895
2905,natural,689,-8003.885305621486
2905,natural,690,-8003.885324310225
2905,natural,691,-8003.8853912323775
2905,natural,692,-8003.885428949583
2905,natural,693,-8003.885472371476
2905,natural,694,-8003.885483485596
2905,natural,695,-8003.885505093181
2905,natural,696,-8003.885535660469
2905,natural,697,-8003.885573769177
2905,natural,698,-8003.885604857231
2905,natural,699,-8003.885625015174
2905,natural,700,-8003.885647790669
2905,natural,701,-8003.885655665269
2905,natural,702,-8003.8856593686405
2905,natural,703,-8003.88566528533
2905,natural,704,-8003.885672357061
2905,natural,705,-8003.885674430406
2905,natural,706,-8003.885677537435
2905,natural,707,-8003.8856792287215
2905,natural,708,-8003.885680684061
2905,natural,709,-8003.885683804427
2905,natural,710,-8003.885684452019
2905,natural,711,-8003.885687187538
2905,natural,712,-8003.885689501513
2905,natural,713,-8003.885697676536
2905,natural,714,-8003.885700622248
2905,natural,715,-8003.885756136368
2905,natural,716,-8003.885774561396
2905,natural,717,-8003.885803324953
2905,natural,718,-8003.885909850392
2905,natural,719,-8003.886124979681
2905,natural,720,-8003.886278450621
2905,natural,721,-8003.886471262035
2905,natural,722,-8003.886480757098
2905,natural,723,-8003.886616135982
2905,natural,724,-8003.886835447947
2905,natural,725,-8003.887021628537
2905,natural,726,-8003.8872898864665
2905,natural,727,-8003.887332668682
2905,natural,728,-8003.88754236194
2905,natural,729,-8003.887606523096
2905,natural,730,-8003.887714556045
2905,natural,731,-8003.887890856597
2905,natural,732,-8003.888013131761
2905,natural,733,-8003.888057238162
2905,natural,734,-8003.8881840364875
2905,natural,735,-8003.888258866536
2905,natural,736,-8003.888266452909
2905,natural,737,-8003.888330232038
2905,natural,738,-8003.888363596203
2905,natural,739,-8003.88845125361
2905,natural,740,-8003.8885649303365
2905,natural,741,-8003.888613729014
2905,natural,742,-8003.888672834552
2905,natural,743,-8003.8887069532775
2905,natural,744,-8003.888732369778
2905,natural,745,-8003.888740992309
2905,natural,746,-8003.8887627716795
2905,natural,747,-8003.888776537678
2905,natural,748,-8003.888813173727
2905,natural,749,-8003.888849810849
2905,natural,750,-8003.888867573364
2905,natural,751,-8003.888895225043
2905,natural,752,-8003.888897986889
2905,natural,753,-8003.888954350481
2905,natural,754,-8003.8889905832175
2905,natural,755,-8003.889001347016
2905,natural,756,-8003.889034021335
2905,natural,757,-8003.889060593067
2905,natural,758,-8003.889080507011
2905,natural,759,-8003.8890879660285
2905,natural,760,-8003.889094798639
2905,natural,761,-8003.8891208457035
2905,natural,762,-8003.889142013012
2905,natural,763,-8003.889153625965
2905,natural,764,-8003.889178551091
2905,natural,765,-8003.889187900235
2905,natural,766,-8003.889249193173
2905,natural,767,-8003.889249740195
2905,natural,768,-8003.88927180929
2905,natural,769,-8003.889274702918
2905,natural,770,-8003.889284389735
2905,natural,771,-8003.889286197872
2905,natural,772,-8003.8892926558065
2905,natural,773,-8003.889305895678
2905,natural,774,-8003.889307945947
2905,natural,775,-8003.889316431825
2905,natural,776,-8003.889317518069
2905,natural,777,-8003.889325275962
2905,natural,778,-8003.889325576592
2905,natural,779,-8003.889328790089
2905,natural,780,-8003.88933555923
2905,natural,781,-8003.889337421048
2905,natural,782,-8003.88934157444
2905,natural,783,-8003.889343069754
2905,natural,784,-8003.889348670087
2905,natural,785,-8003.889349564162
2905,natural,786,-8003.889351375184
2905,natural,787,-8003.8893514444435
2905,natural,788,-8003.8893529914985
2905,natural,789,-8003.88935353594
2905,natural,790,-8003.889354938368
2905,natural,791,-8003.889357607571
2905,natural,792,-8003.889363028379
2905,natural,793,-8003.8893644440695
2905,natural,794,-8003.88936466127
2905,natural,795,-8003.88936802865
2905,natural,796,-8003.889369771801
2905,natural,797,-8003.889370577466
2905,natural,798,-8003.88937111105
2905,natural,799,-8003.889375076521
2905,natural,800,-8003.889386402078
2905,natural,801,-8003.889393887888
2905,natural,802,-8003.889408300858
2905,natural,803,-8003.8894289187165
2905,natural,804,-8003.889439772135
2905,natural,805,-8003.889442363813
2905,natural,806,-8003.8894461091595
2905,natural,807,-8003.889449317212
2905,natural,808,-8003.88945312446
2905,natural,809,-8003.889454548844
2905,natural,810,-8003.889462765603
2905,natural,811,-8003.889472447075
2905,natural,812,-8003.889500286856
2905,natural,813,-8003.8895103177
2905,natural,814,-8003.8895165127715
2905,natural,815,-8003.8895203694865
2905,natural,816,-8003.88952883399
2905,natural,817,-8003.889532442795
2905,natural,818,-8003.889544479293
2905,natural,819,-8003.889562715232
2905,natural,820,-8003.889571626423
2905,natural,821,-8003.889579822363
2905,natural,822,-8003.889583689364
2905,natural,823,-8003.889587626572
2905,natural,824,-8003.889588383241
2905,natural,825,-8003.889592037319
2905,natural,826,-8003.889593122724
2905,natural,827,-8003.889600741374
2905,natural,828,-8003.889603966877
2905,natural,829,-8003.889605864012
2905,natural,830,-8003.889608086259
2905,natural,831,-8003.889613961334
2905,natural,832,-8003.889618334546
2905,natural,833,-8003.889625621301
2905,natural,834,-8003.889626582094
2905,natural,835,-8003.8896292898935
2905,natural,836,-8003.889655666231
2905,natural,837,-8003.889662909536
2905,natural,838,-8003.889672502728
2905,natural,839,-8003.889676959508
2905,natural,840,-8003.8897014700815
2905,natural,841,-8003.889726373388
2905,natural,842,-8003.889746552095
2905,natural,843,-8003.889755968835
2905,natural,844,-8003.889767032598
2905,natural,845,-8003.889768172937
2905,natural,846,-8003.8898026633
2905,natural,847,-8003.889804441907
2905,natural,848,-8003.889817879749
2905,natural,849,-8003.8898581703115
2905,natural,850,-8003.889879430825
2905,natural,851,-8003.889887392111
2905,natural,852,-8003.8899076971165
2905,natural,853,-8003.889933181808
2905,natural,854,-8003.8899892293875
2905,natural,855,-8003.889997398156
2905,natural,856,-8003.890043940796
2905,natural,857,-8003.89007673554
2905,natural,858,-8003.8900821538455
2905,natural,859,-8003.890086200292
2905,natural,860,-8003.890128944739
2905,natural,861,-8003.890165012219
2905,natural,862,-8003.890167526158
2905,natural,863,-8003.89020691781
2905,natural,864,-8003.890227781429
2905,natural,865,-8003.890233098088
2905,natural,866,-8003.890239964169
2905,natural,867,-8003.890259288768
2905,natural,868,-8003.890302381846
2905,natural,869,-8003.89034590641
2905,natural,870,-8003.890362888717
2905,natural,871,-8003.89038082978
2905,natural,872,-8003.890393328924
2905,natural,873,-8003.890432938536
2905,natural,874,-8003.890478587921
2905,natural,875,-8003.890604845179
2905,natural,876,-8003.8907557059365
2905,natural,877,-8003.891142971982
2905,natural,878,-8003.891152812199
2905,natural,879,-8003.891433737345
2905,natural,880,-8003.891578721347
2905,natural,881,-8003.891688433031
2905,natural,882,-8003.891791866218
2905,natural,883,-8003.8919434592935
2905,natural,884,-8003.892214760378
2905,natural,885,-8003.892258051402
2905,natural,886,-8003.892389132272
2905,natural,887,-8003.89300200133
2905,natural,888,-8003.893055233485
2905,natural,889,-8003.893152408662
2905,natural,890,-8003.893242772097
2905,natural,891,-8003.893469790841
2905,natural,892,-8003.893495544352
2905,natural,893,-8003.893570970375
2905,natural,894,-8003.893577016301
2905,natural,895,-8003.893646650256
2905,natural,896,-8003.893682693407
2905,natural,897,-8003.893713137483
2905,natural,898,-8003.893717583482
2905,natural,899,-8003.893734968975
2905,natural,900,-8003.893736584953
2905,natural,901,-8003.893758252852
2905,natural,902,-8003.893766973534
2905,natural,903,-8003.893783561578
2905,natural,904,-8003.893818768811
2905,natural,905,-8003.893901155823
2905,natural,906,-8003.893954039737
2905,natural,907,-8003.893975851454
2905,natural,908,-8003.894069619582
2905,natural,909,-8003.894088541631
2905,natural,910,-8003.894166223185
2905,natural,911,-8003.894206885497
2905,natural,912,-8003.89433378884
2905,natural,913,-8003.894738634048
2905,natural,914,-8003.894866084107
2905,natural,915,-8003.894954772035
2905,natural,916,-8003.895121385388
2905,natural,917,-8003.895149651233
2905,natural,918,-8003.895620169274
2905,natural,919,-8003.895647363288
2905,natural,920,-8003.895779845441
2905,natural,921,-8003.895802080903
2905,natural,922,-8003.895916279377
2905,natural,923,-8003.896095541074
2905,natural,924,-8003.896135214888
2905,natural,925,-8003.896151473044
2905,natural,926,-8003.896188231347
2905,natural,927,-8003.896207715934
2905,natural,928,-8003.896227869296
2905,natural,929,-8003.896244957829
2905,natural,930,-8003.89625909091
2905,natural,931,-8003.896295445463
2905,natural,932,-8003.896302985023
2905,natural,933,-8003.896318132391
2905,natural,934,-8003.89632160268
2905,natural,935,-8003.896329880517
2905,natural,936,-8003.896331640884
2905,natural,937,-8003.896334383459
2905,natural,938,-8003.896340269242
2905,natural,939,-8003.896370059367
2905,natural,940,-8003.896383725922
2905,natural,941,-8003.896423208342
2905,natural,942,-8003.896500395442
2905,natural,943,-8003.896877004508
2905,natural,944,-8003.897789121475
2905,natural,945,-8003.898196050378
2905,natural,946,-8003.899137837812
2905,natural,947,-8003.9003108446595
2905,natural,948,-8003.903951853321
2905,natural,949,-8003.907747814201
2905,natural,950,-8003.908361800514
2905,natural,951,-8003.9102938581655
2905,natural,952,-8003.911291795326
2905,natural,953,-8003.912564563652
2905,natural,954,-8003.913014341897
2905,natural,955,-8003.9138547620605
2905,natural,956,-8003.914242437031
2905,natural,957,-8003.914971333607
2905,natural,958,-8003.9154893990035
2905,natural,959,-8003.9156901619235
2905,natural,960,-8003.91571009347
2905,natural,961,-8003.91588840501
2905,natural,962,-8003.916413026309
2905,natural,963,-8003.916511594712
2905,natural,964,-8003.916777820844
2905,natural,965,-8003.916834563304
2905,natural,966,-8003.917317137595
2905,natural,967,-8003.917579329925
2905,natural,968,-8003.917688404363
2905,natural,969,-8003.918239107583
2905,natural,970,-8003.918420739299
2905,natural,971,-8003.918562928372
2905,natural,972,-8003.919097783273
2905,natural,973,-8003.919211953506
2905,natural,974,-8003.919329829385
2905,natural,975,-8003.919408730945
2905,natural,976,-8003.919615877926
2905,natural,977,-8003.919721951274
2905,natural,978,-8003.919802579447
2905,natural,979,-8003.919815462346
2905,natural,980,-8003.919869393038
2905,natural,981,-8003.919878222122
2905,natural,982,-8003.919920352875
2905,natural,983,-8003.919950461831
2905,natural,984,-8003.919990247537
2905,natural,985,-8003.920047933698
2905,natural,986,-8003.920052384265
2905,natural,987,-8003.920077646771
2905,natural,988,-8003.920101794218
2905,natural,989,-8003.920120517093
2905,natural,990,-8003.920124565684
2905,natural,991,-8003.92013366815
2905,natural,992,-8003.920140069068
2905,natural,993,-8003.920149020036
2905,natural,994,-8003.920169459115
2905,natural,995,-8003.920171676987
2905,natural,996,-8003.920177350299
2905,natural,997,-8003.920177932255
2905,natural,998,-8003.920183973141
2905,natural,999,-8003.9201891881385
2905,natural,1000,-8003.920198395613
2905,natural,1001,-8003.920209262915
2905,natural,1002,-8003.920210041889
2905,natural,1003,-8003.920214695489
2905,natural,1004,-8003.920220365504
2905,natural,1005,-8003.920223345891
2905,natural,1006,-8003.92022396962
2905,natural,1007,-8003.920225282843
2905,natural,1008,-8003.920229655053
2905,natural,1009,-8003.92023532901
2905,natural,1010,-8003.920238983123
2905,natural,1011,-8003.920239870945
2905,natural,1012,-8003.92024785727
2905,natural,1013,-8003.920258528738
2905,natural,1014,-8003.920259191614
2905,natural,1015,-8003.920270787552
2905,natural,1016,-8003.920286205062
2905,natural,1017,-8003.920287530651
2905,natural,1018,-8003.920297286043
2905,natural,1019,-8003.920320354629
2905,natural,1020,-8003.920335788173
2905,natural,1021,-8003.920360837582
2905,natural,1022,-8003.920361730688
2905,natural,1023,-8003.920371168406
2905,natural,1024,-8003.920374895612
2905,natural,1025,-8003.9203787882425
2905,natural,1026,-8003.920383074957
2905,natural,1027,-8003.920386923489
2905,natural,1028,-8003.920388356697
2905,natural,1029,-8003.920394144622
2905,natural,1030,-8003.920401798563
2905,natural,1031,-8003.920407044112
2905,natural,1032,-8003.920409495827
2905,natural,1033,-8003.920414816857
2905,natural,1034,-8003.920417948513
2905,natural,1035,-8003.92042940572
2905,natural,1036,-8003.920438279032
2905,natural,1037,-8003.920439355035
2905,natural,1038,-8003.920447824079
2905,natural,1039,-8003.920453809679
2905,natural,1040,-8003.920468052603
2905,natural,1041,-8003.920473329132
2905,natural,1042,-8003.920478519376
2905,natural,1043,-8003.920483847397
2905,natural,1044,-8003.920488874434
2905,natural,1045,-8003.920499535876
2905,natural,1046,-8003.920504265097
2905,natural,1047,-8003.92052627496
2905,natural,1048,-8003.92053213294
2905,natural,1049,-8003.920537638231
2905,natural,1050,-8003.920562027838
2905,natural,1051,-8003.920576375984
2905,natural,1052,-8003.920590946641
2905,natural,1053,-8003.920602472548
2905,natural,1054,-8003.920617428061
2905,natural,1055,-8003.920632934568
2905,natural,1056,-8003.920636558083
2905,natural,1057,-8003.920650995755
2905,natural,1058,-8003.92066294003
2905,natural,1059,-8003.9206718096175
2905,natural,1060,-8003.920672966021
2905,natural,1061,-8003.920679810494
2905,natural,1062,-8003.920696667071
2905,natural,1063,-8003.9206982669375
2905,natural,1064,-8003.920709906035
2905,natural,1065,-8003.920710646214
2905,natural,1066,-8003.920714856643
2905,natural,1067,-8003.920724105722
2905,natural,1068,-8003.920731825447
2905,natural,1069,-8003.9207383059065
2905,natural,1070,-8003.920741835592
2905,natural,1071,-8003.920745510268
2905,natural,1072,-8003.920745896578
2905,natural,1073,-8003.920748657346
2905,natural,1074,-8003.920750372745
2905,natural,1075,-8003.920751681856
2905,natural,1076,-8003.920752547286
2905,natural,1077,-8003.9207528856205
2905,natural,1078,-8003.9207535772985
2905,natural,1079,-8003.92075377461
2905,natural,1080,-8003.920760255688
2905,natural,1081,-8003.920761571317
2905,natural,1082,-8003.920812322435
2905,natural,1083,-8003.920815515909
2905,natural,1084,-8003.920830995649
2905,natural,1085,-8003.920843839234
2905,natural,1086,-8003.920867523174
2905,natural,1087,-8003.920907126514
2905,natural,1088,-8003.920920365203
2905,natural,1089,-8003.921005817202
2905,natural,1090,-8003.921077204852
2905,natural,1091,-8003.92111075307
2905,natural,1092,-8003.921160107353
2905,natural,1093,-8003.921186103941
2905,natural,1094,-8003.921216238934
2905,natural,1095,-8003.921219569242
2905,natural,1096,-8003.921237823749
2905,natural,1097,-8003.921243571063
2905,natural,1098,-8003.921258010441
2905,natural,1099,-8003.921269435615
2905,natural,1100,-8003.921273671617
2905,natural,1101,-8003.921277909464
2905,natural,1102,-8003.921278949031
2905,natural,1103,-8003.921282248803
2905,natural,1104,-8003.921283168291
2905,natural,1105,-8003.921283989071
2905,natural,1106,-8003.921319889336
2905,natural,1107,-8003.921323878886
2905,natural,1108,-8003.92133520922
2905,natural,1109,-8003.921341153257
2905,natural,1110,-8003.921367966555
2905,natural,1111,-8003.9214063165755
2905,natural,1112,-8003.92142913365
2905,natural,1113,-8003.9214403657525
2905,natural,1114,-8003.9214649225
2905,natural,1115,-8003.92147870382
2905,natural,1116,-8003.921486379639
2905,natural,1117,-8003.921497049787
2905,natural,1118,-8003.921521315421
2905,natural,1119,-8003.921540109064
2905,natural,1120,-8003.921547623033
2905,natural,1121,-8003.921549676341
2905,natural,1122,-8003.9215669074965
2905,natural,1123,-8003.921573290966
2905,natural,1124,-8003.921578624088
2905,natural,1125,-8003.921593471352
2905,natural,1126,-8003.921595408132
2905,natural,1127,-8003.921603104993
2905,natural,1128,-8003.921618612404
2905,natural,1129,-8003.9216279999
2905,natural,1130,-8003.921641829024
2905,natural,1131,-8003.921650488475
2905,natural,1132,-8003.921659691416
2905,natural,1133,-8003.921667683214
2905,natural,1134,-8003.921677691209
2905,natural,1135,-8003.921697521839
2905,natural,1136,-8003.921701268763
2905,natural,1137,-8003.921718628025
2905,natural,1138,-8003.921722367862
2905,natural,1139,-8003.921728720328
2905,natural,1140,-8003.921752878672
2905,natural,1141,-8003.921753561951
2905,natural,1142,-8003.921766159597
2905,natural,1143,-8003.921771217773
2905,natural,1144,-8003.921779905513
2905,natural,1145,-8003.921791770908
2905,natural,1146,-8003.921794809577
2905,natural,1147,-8003.921796348743
2905,natural,1148,-8003.921798005107
2905,natural,1149,-8003.921800457231
2905,natural,1150,-8003.921803242783
2905,natural,1151,-8003.921807130971
2905,natural,1152,-8003.921807761682
2905,natural,1153,-8003.921814271293
2905,natural,1154,-8003.921824916937
2905,natural,1155,-8003.921827015346
2905,natural,1156,-8003.921836669833
2905,natural,1157,-8003.921849790214
2905,natural,1158,-8003.921856254045
2905,natural,1159,-8003.9218675913
2905,natural,1160,-8003.921870066842
2905,natural,1161,-8003.921876992004
2905,natural,1162,-8003.921877287619
2905,natural,1163,-8003.921878829852
2905,natural,1164,-8003.921883782788
2905,natural,1165,-8003.92188579306
2905,natural,1166,-8003.921889880137
2905,natural,1167,-8003.9218905776615
2905,natural,1168,-8003.921890864358
2905,natural,1169,-8003.921891918111
2905,natural,1170,-8003.921893968563
2905,natural,1171,-8003.921894745406
2905,natural,1172,-8003.921896488964
2905,natural,1173,-8003.9219012238345
2905,natural,1174,-8003.9219054945725
2905,natural,1175,-8003.9219088594855
2905,natural,1176,-8003.921913003725
2905,natural,1177,-8003.921913905151
2905,natural,1178,-8003.921916172907
2905,natural,1179,-8003.921916827867
2905,natural,1180,-8003.921917183918
2905,natural,1181,-8003.921930274068
2905,natural,1182,-8003.9219356046315
2905,natural,1183,-8003.92194215567
2905,natural,1184,-8003.921947441132
2905,natural,1185,-8003.921952063597
2905,natural,1186,-8003.921964313185
2905,natural,1187,-8003.921983919825
2905,natural,1188,-8003.921989525071
2905,natural,1189,-8003.9220211491265
2905,natural,1190,-8003.922031713302
2905,natural,1191,-8003.922045299434
2905,natural,1192,-8003.9220681578
2905,natural,1193,-8003.922078518504
2905,natural,1194,-8003.922084994409
2905,natural,1195,-8003.922095547596
2905,natural,1196,-8003.922103146945
2905,natural,1197,-8003.922105147269
2905,natural,1198,-8003.922119015284
2905,natural,1199,-8003.922137151749
2905,natural,1200,-8003.922151685706
2905,natural,1201,-8003.922185032695
2905,natural,1202,-8003.922203803262
2905,natural,1203,-8003.922207368581
2905,natural,1204,-8003.92221345881
2905,natural,1205,-8003.922221512011
2905,natural,1206,-8003.92223040524
2905,natural,1207,-8003.922240509425
2905,natural,1208,-8003.922252551757
2905,natural,1209,-8003.922257348972
2905,natural,1210,-8003.922264968539
2905,natural,1211,-8003.922268681022
2905,natural,1212,-8003.922287014381
2905,natural,1213,-8003.922295793117
2905,natural,1214,-8003.922297921218
2905,natural,1215,-8003.922312263303
2905,natural,1216,-8003.922324301264
2905,natural,1217,-8003.92233378548
2905,natural,1218,-8003.9223394758255
2905,natural,1219,-8003.9223414225535
2905,natural,1220,-8003.922354120377
2905,natural,1221,-8003.922373873952
2905,natural,1222,-8003.922384430474
2905,natural,1223,-8003.9223860911525
2905,natural,1224,-8003.922388575697
2905,natural,1225,-8003.922393191784
2905,natural,1226,-8003.922394963373
2905,natural,1227,-8003.922416980995
2905,natural,1228,-8003.922442484964
2905,natural,1229,-8003.92246139908
2905,natural,1230,-8003.92248301241
2905,natural,1231,-8003.922536325246
2905,natural,1232,-8003.922547955418
2905,natural,1233,-8003.922587939766
2905,natural,1234,-8003.922598780715
2905,natural,1235,-8003.922614184869
2905,natural,1236,-8003.922618015438
2905,natural,1237,-8003.922633982598
2905,natural,1238,-8003.922638210853
2905,natural,1239,-8003.922651753897
2905,natural,1240,-8003.9226686154425
2905,natural,1241,-8003.922676688093
2905,natural,1242,-8003.922688874747
2905,natural,1243,-8003.922688875514
